prop,option,nodes,material,thickness,width.0,width.1,width.2,height.0,height.1,height.2,category.0,category.1,category.2,category.3,nativeModel,nativeModelSettings,notes,productLink,xmodel,image.0,image.1,image.2,image.3,image.4,image.5,image.6
Alpha Bulb,Hanging A,,Coro,10,,,,23,,,Letters,,,,,,,https://gilbertengineeringusa.com/,,,https://cdn.shopify.com/s/files/1/0165/4439/9424/products/AlphaBulbs_A-Z_800x.JPG?v=1569162645,,,,,
Alpha Bulb,Hanging B,,Coro,10,,,,23,,,Letters,,,,,,,https://gilbertengineeringusa.com/,,,https://cdn.shopify.com/s/files/1/0165/4439/9424/products/AlphaBulbs_A-Z_800x.JPG?v=1569162645,,,,,
Alpha Bulb,Hanging C,,Coro,10,,,,23,,,Letters,,,,,,,https://gilbertengineeringusa.com/,,,https://cdn.shopify.com/s/files/1/0165/4439/9424/products/AlphaBulbs_A-Z_800x.JPG?v=1569162645,,,,,
Alpha Bulb,Hanging D,,Coro,10,,,,23,,,Letters,,,,,,,https://gilbertengineeringusa.com/,,,https://cdn.shopify.com/s/files/1/0165/4439/9424/products/AlphaBulbs_A-Z_800x.JPG?v=1569162645,,,,,
Alpha Bulb,Hanging E,,Coro,10,,,,23,,,Letters,,,,,,,https://gilbertengineeringusa.com/,,,https://cdn.shopify.com/s/files/1/0165/4439/9424/products/AlphaBulbs_A-Z_800x.JPG?v=1569162645,,,,,
Alpha Bulb,Hanging F,,Coro,10,,,,23,,,Letters,,,,,,,https://gilbertengineeringusa.com/,,,https://cdn.shopify.com/s/files/1/0165/4439/9424/products/AlphaBulbs_A-Z_800x.JPG?v=1569162645,,,,,
Alpha Bulb,Hanging G,,Coro,10,,,,23,,,Letters,,,,,,,https://gilbertengineeringusa.com/,,,https://cdn.shopify.com/s/files/1/0165/4439/9424/products/AlphaBulbs_A-Z_800x.JPG?v=1569162645,,,,,
Alpha Bulb,Hanging H,,Coro,10,,,,23,,,Letters,,,,,,,https://gilbertengineeringusa.com/,,,https://cdn.shopify.com/s/files/1/0165/4439/9424/products/AlphaBulbs_A-Z_800x.JPG?v=1569162645,,,,,
Alpha Bulb,Hanging I,,Coro,10,,,,23,,,Letters,,,,,,,https://gilbertengineeringusa.com/,,,https://cdn.shopify.com/s/files/1/0165/4439/9424/products/AlphaBulbs_A-Z_800x.JPG?v=1569162645,,,,,
Alpha Bulb,Hanging J,,Coro,10,,,,23,,,Letters,,,,,,,https://gilbertengineeringusa.com/,,,https://cdn.shopify.com/s/files/1/0165/4439/9424/products/AlphaBulbs_A-Z_800x.JPG?v=1569162645,,,,,
Alpha Bulb,Hanging K,,Coro,10,,,,23,,,Letters,,,,,,,https://gilbertengineeringusa.com/,,,https://cdn.shopify.com/s/files/1/0165/4439/9424/products/AlphaBulbs_A-Z_800x.JPG?v=1569162645,,,,,
Alpha Bulb,Hanging L,,Coro,10,,,,23,,,Letters,,,,,,,https://gilbertengineeringusa.com/,,,https://cdn.shopify.com/s/files/1/0165/4439/9424/products/AlphaBulbs_A-Z_800x.JPG?v=1569162645,,,,,
Alpha Bulb,Hanging M,,Coro,10,,,,23,,,Letters,,,,,,,https://gilbertengineeringusa.com/,,,https://cdn.shopify.com/s/files/1/0165/4439/9424/products/AlphaBulbs_A-Z_800x.JPG?v=1569162645,,,,,
Alpha Bulb,Hanging N,,Coro,10,,,,23,,,Letters,,,,,,,https://gilbertengineeringusa.com/,,,https://cdn.shopify.com/s/files/1/0165/4439/9424/products/AlphaBulbs_A-Z_800x.JPG?v=1569162645,,,,,
Alpha Bulb,Hanging O,,Coro,10,,,,23,,,Letters,,,,,,,https://gilbertengineeringusa.com/,,,https://cdn.shopify.com/s/files/1/0165/4439/9424/products/AlphaBulbs_A-Z_800x.JPG?v=1569162645,,,,,
Alpha Bulb,Hanging P,,Coro,10,,,,23,,,Letters,,,,,,,https://gilbertengineeringusa.com/,,,https://cdn.shopify.com/s/files/1/0165/4439/9424/products/AlphaBulbs_A-Z_800x.JPG?v=1569162645,,,,,
Alpha Bulb,Hanging Q,,Coro,10,,,,23,,,Letters,,,,,,,https://gilbertengineeringusa.com/,,,https://cdn.shopify.com/s/files/1/0165/4439/9424/products/AlphaBulbs_A-Z_800x.JPG?v=1569162645,,,,,
Alpha Bulb,Hanging R,,Coro,10,,,,23,,,Letters,,,,,,,https://gilbertengineeringusa.com/,,,https://cdn.shopify.com/s/files/1/0165/4439/9424/products/AlphaBulbs_A-Z_800x.JPG?v=1569162645,,,,,
Alpha Bulb,Hanging S,,Coro,10,,,,23,,,Letters,,,,,,,https://gilbertengineeringusa.com/,,https://cdn.shopify.com/s/files/1/0165/4439/9424/products/Alpha_Bulb_Hanging_S_330x.JPG?v=1569162363,https://cdn.shopify.com/s/files/1/0165/4439/9424/products/AlphaBulbs_A-Z_800x.JPG?v=1569162645,,,,,
Alpha Bulb,Hanging T,,Coro,10,,,,23,,,Letters,,,,,,,https://gilbertengineeringusa.com/,,,https://cdn.shopify.com/s/files/1/0165/4439/9424/products/AlphaBulbs_A-Z_800x.JPG?v=1569162645,,,,,
Alpha Bulb,Hanging U,,Coro,10,,,,23,,,Letters,,,,,,,https://gilbertengineeringusa.com/,,,https://cdn.shopify.com/s/files/1/0165/4439/9424/products/AlphaBulbs_A-Z_800x.JPG?v=1569162645,,,,,
Alpha Bulb,Hanging V,,Coro,10,,,,23,,,Letters,,,,,,,https://gilbertengineeringusa.com/,,,https://cdn.shopify.com/s/files/1/0165/4439/9424/products/AlphaBulbs_A-Z_800x.JPG?v=1569162645,,,,,
Alpha Bulb,Hanging W,,Coro,10,,,,23,,,Letters,,,,,,,https://gilbertengineeringusa.com/,,,https://cdn.shopify.com/s/files/1/0165/4439/9424/products/AlphaBulbs_A-Z_800x.JPG?v=1569162645,,,,,
Alpha Bulb,Hanging X,,Coro,10,,,,23,,,Letters,,,,,,,https://gilbertengineeringusa.com/,,,https://cdn.shopify.com/s/files/1/0165/4439/9424/products/AlphaBulbs_A-Z_800x.JPG?v=1569162645,,,,,
Alpha Bulb,Hanging Y,,Coro,10,,,,23,,,Letters,,,,,,,https://gilbertengineeringusa.com/,,,https://cdn.shopify.com/s/files/1/0165/4439/9424/products/AlphaBulbs_A-Z_800x.JPG?v=1569162645,,,,,
Alpha Bulb,Hanging Z,,Coro,10,,,,23,,,Letters,,,,,,,https://gilbertengineeringusa.com/,,,https://cdn.shopify.com/s/files/1/0165/4439/9424/products/AlphaBulbs_A-Z_800x.JPG?v=1569162645,,,,,
Alpha Bulb,Upright A,,Coro,10,,,,23,,,Letters,,,,,,,https://gilbertengineeringusa.com/,,,https://cdn.shopify.com/s/files/1/0165/4439/9424/products/AlphaBulbs_A-Z_800x.JPG?v=1569162645,,,,,
Alpha Bulb,Upright B,,Coro,10,,,,23,,,Letters,,,,,,,https://gilbertengineeringusa.com/,,,https://cdn.shopify.com/s/files/1/0165/4439/9424/products/AlphaBulbs_A-Z_800x.JPG?v=1569162645,,,,,
Alpha Bulb,Upright C,,Coro,10,,,,23,,,Letters,,,,,,,https://gilbertengineeringusa.com/,,,https://cdn.shopify.com/s/files/1/0165/4439/9424/products/AlphaBulbs_A-Z_800x.JPG?v=1569162645,,,,,
Alpha Bulb,Upright D,,Coro,10,,,,23,,,Letters,,,,,,,https://gilbertengineeringusa.com/,,,https://cdn.shopify.com/s/files/1/0165/4439/9424/products/AlphaBulbs_A-Z_800x.JPG?v=1569162645,,,,,
Alpha Bulb,Upright E,,Coro,10,,,,23,,,Letters,,,,,,,https://gilbertengineeringusa.com/,,,https://cdn.shopify.com/s/files/1/0165/4439/9424/products/AlphaBulbs_A-Z_800x.JPG?v=1569162645,,,,,
Alpha Bulb,Upright F,,Coro,10,,,,23,,,Letters,,,,,,,https://gilbertengineeringusa.com/,,,https://cdn.shopify.com/s/files/1/0165/4439/9424/products/AlphaBulbs_A-Z_800x.JPG?v=1569162645,,,,,
Alpha Bulb,Upright G,,Coro,10,,,,23,,,Letters,,,,,,,https://gilbertengineeringusa.com/,,,https://cdn.shopify.com/s/files/1/0165/4439/9424/products/AlphaBulbs_A-Z_800x.JPG?v=1569162645,,,,,
Alpha Bulb,Upright H,,Coro,10,,,,23,,,Letters,,,,,,,https://gilbertengineeringusa.com/,,,https://cdn.shopify.com/s/files/1/0165/4439/9424/products/AlphaBulbs_A-Z_800x.JPG?v=1569162645,,,,,
Alpha Bulb,Upright I,,Coro,10,,,,23,,,Letters,,,,,,,https://gilbertengineeringusa.com/,,,https://cdn.shopify.com/s/files/1/0165/4439/9424/products/AlphaBulbs_A-Z_800x.JPG?v=1569162645,,,,,
Alpha Bulb,Upright J,,Coro,10,,,,23,,,Letters,,,,,,,https://gilbertengineeringusa.com/,,,https://cdn.shopify.com/s/files/1/0165/4439/9424/products/AlphaBulbs_A-Z_800x.JPG?v=1569162645,,,,,
Alpha Bulb,Upright K,,Coro,10,,,,23,,,Letters,,,,,,,https://gilbertengineeringusa.com/,,,https://cdn.shopify.com/s/files/1/0165/4439/9424/products/AlphaBulbs_A-Z_800x.JPG?v=1569162645,,,,,
Alpha Bulb,Upright L,,Coro,10,,,,23,,,Letters,,,,,,,https://gilbertengineeringusa.com/,,,https://cdn.shopify.com/s/files/1/0165/4439/9424/products/AlphaBulbs_A-Z_800x.JPG?v=1569162645,,,,,
Alpha Bulb,Upright M,,Coro,10,,,,23,,,Letters,,,,,,,https://gilbertengineeringusa.com/,,,https://cdn.shopify.com/s/files/1/0165/4439/9424/products/AlphaBulbs_A-Z_800x.JPG?v=1569162645,,,,,
Alpha Bulb,Upright N,,Coro,10,,,,23,,,Letters,,,,,,,https://gilbertengineeringusa.com/,,,https://cdn.shopify.com/s/files/1/0165/4439/9424/products/AlphaBulbs_A-Z_800x.JPG?v=1569162645,,,,,
Alpha Bulb,Upright O,,Coro,10,,,,23,,,Letters,,,,,,,https://gilbertengineeringusa.com/,,,https://cdn.shopify.com/s/files/1/0165/4439/9424/products/AlphaBulbs_A-Z_800x.JPG?v=1569162645,,,,,
Alpha Bulb,Upright P,,Coro,10,,,,23,,,Letters,,,,,,,https://gilbertengineeringusa.com/,,,https://cdn.shopify.com/s/files/1/0165/4439/9424/products/AlphaBulbs_A-Z_800x.JPG?v=1569162645,,,,,
Alpha Bulb,Upright Q,,Coro,10,,,,23,,,Letters,,,,,,,https://gilbertengineeringusa.com/,,,https://cdn.shopify.com/s/files/1/0165/4439/9424/products/AlphaBulbs_A-Z_800x.JPG?v=1569162645,,,,,
Alpha Bulb,Upright R,,Coro,10,,,,23,,,Letters,,,,,,,https://gilbertengineeringusa.com/,,,https://cdn.shopify.com/s/files/1/0165/4439/9424/products/AlphaBulbs_A-Z_800x.JPG?v=1569162645,,,,,
Alpha Bulb,Upright S,,Coro,10,,,,23,,,Letters,,,,,,,https://gilbertengineeringusa.com/,Alpha Bulb - Upright S.xmodel,https://cdn.shopify.com/s/files/1/0165/4439/9424/products/Alpha_Bulb_129x.JPG?v=1569162362,https://cdn.shopify.com/s/files/1/0165/4439/9424/products/AlphaBulbs_A-Z_800x.JPG?v=1569162645,,,,,
Alpha Bulb,Upright T,,Coro,10,,,,23,,,Letters,,,,,,,https://gilbertengineeringusa.com/,,,https://cdn.shopify.com/s/files/1/0165/4439/9424/products/AlphaBulbs_A-Z_800x.JPG?v=1569162645,,,,,
Alpha Bulb,Upright U,,Coro,10,,,,23,,,Letters,,,,,,,https://gilbertengineeringusa.com/,,,https://cdn.shopify.com/s/files/1/0165/4439/9424/products/AlphaBulbs_A-Z_800x.JPG?v=1569162645,,,,,
Alpha Bulb,Upright V,,Coro,10,,,,23,,,Letters,,,,,,,https://gilbertengineeringusa.com/,,,https://cdn.shopify.com/s/files/1/0165/4439/9424/products/AlphaBulbs_A-Z_800x.JPG?v=1569162645,,,,,
Alpha Bulb,Upright W,,Coro,10,,,,23,,,Letters,,,,,,,https://gilbertengineeringusa.com/,,,https://cdn.shopify.com/s/files/1/0165/4439/9424/products/AlphaBulbs_A-Z_800x.JPG?v=1569162645,,,,,
Alpha Bulb,Upright X,,Coro,10,,,,23,,,Letters,,,,,,,https://gilbertengineeringusa.com/,,,https://cdn.shopify.com/s/files/1/0165/4439/9424/products/AlphaBulbs_A-Z_800x.JPG?v=1569162645,,,,,
Alpha Bulb,Upright Y,,Coro,10,,,,23,,,Letters,,,,,,,https://gilbertengineeringusa.com/,,,https://cdn.shopify.com/s/files/1/0165/4439/9424/products/AlphaBulbs_A-Z_800x.JPG?v=1569162645,,,,,
Alpha Letter - Box Style Font,A,73,Coro,10,,,,24,40,,Letters,,,,,,,https://gilbertengineeringusa.com/products/alpha-letters-box-style-font?_pos=1&_sid=29ae772c8&_ss=r,,https://cdn.shopify.com/s/files/1/0165/4439/9424/products/received_672155463587068_800x.png?v=1585869685,,,,,,
Alpha Letter - Box Style Font,B,70,Coro,10,,,,24,40,,Letters,,,,,,,https://gilbertengineeringusa.com/products/alpha-letters-box-style-font?_pos=1&_sid=29ae772c8&_ss=r,,https://cdn.shopify.com/s/files/1/0165/4439/9424/products/received_672155463587068_800x.png?v=1585869685,,,,,,
Alpha Letter - Box Style Font,C,57,Coro,10,,,,24,40,,Letters,,,,,,,https://gilbertengineeringusa.com/products/alpha-letters-box-style-font?_pos=1&_sid=29ae772c8&_ss=r,,https://cdn.shopify.com/s/files/1/0165/4439/9424/products/received_672155463587068_800x.png?v=1585869685,,,,,,
Alpha Letter - Box Style Font,D,64,Coro,10,,,,24,40,,Letters,,,,,,,https://gilbertengineeringusa.com/products/alpha-letters-box-style-font?_pos=1&_sid=29ae772c8&_ss=r,,https://cdn.shopify.com/s/files/1/0165/4439/9424/products/received_672155463587068_800x.png?v=1585869685,,,,,,
Alpha Letter - Box Style Font,E,60,Coro,10,,,,24,40,,Letters,,,,,,,https://gilbertengineeringusa.com/products/alpha-letters-box-style-font?_pos=1&_sid=29ae772c8&_ss=r,,https://cdn.shopify.com/s/files/1/0165/4439/9424/products/received_672155463587068_800x.png?v=1585869685,,,,,,
Alpha Letter - Box Style Font,F,,Coro,10,,,,24,40,,Letters,,,,,,,https://gilbertengineeringusa.com/products/alpha-letters-box-style-font?_pos=1&_sid=29ae772c8&_ss=r,,https://cdn.shopify.com/s/files/1/0165/4439/9424/products/received_672155463587068_800x.png?v=1585869685,,,,,,
Alpha Letter - Box Style Font,G,,Coro,10,,,,24,40,,Letters,,,,,,,https://gilbertengineeringusa.com/products/alpha-letters-box-style-font?_pos=1&_sid=29ae772c8&_ss=r,,https://cdn.shopify.com/s/files/1/0165/4439/9424/products/received_672155463587068_800x.png?v=1585869685,,,,,,
Alpha Letter - Box Style Font,H,,Coro,10,,,,24,40,,Letters,,,,,,,https://gilbertengineeringusa.com/products/alpha-letters-box-style-font?_pos=1&_sid=29ae772c8&_ss=r,,https://cdn.shopify.com/s/files/1/0165/4439/9424/products/received_672155463587068_800x.png?v=1585869685,,,,,,
Alpha Letter - Box Style Font,I,,Coro,10,,,,24,40,,Letters,,,,,,,https://gilbertengineeringusa.com/products/alpha-letters-box-style-font?_pos=1&_sid=29ae772c8&_ss=r,,https://cdn.shopify.com/s/files/1/0165/4439/9424/products/received_672155463587068_800x.png?v=1585869685,,,,,,
Alpha Letter - Box Style Font,J,,Coro,10,,,,24,40,,Letters,,,,,,,https://gilbertengineeringusa.com/products/alpha-letters-box-style-font?_pos=1&_sid=29ae772c8&_ss=r,,https://cdn.shopify.com/s/files/1/0165/4439/9424/products/received_672155463587068_800x.png?v=1585869685,,,,,,
Alpha Letter - Box Style Font,K,,Coro,10,,,,24,40,,Letters,,,,,,,https://gilbertengineeringusa.com/products/alpha-letters-box-style-font?_pos=1&_sid=29ae772c8&_ss=r,,https://cdn.shopify.com/s/files/1/0165/4439/9424/products/received_672155463587068_800x.png?v=1585869685,,,,,,
Alpha Letter - Box Style Font,L,,Coro,10,,,,24,40,,Letters,,,,,,,https://gilbertengineeringusa.com/products/alpha-letters-box-style-font?_pos=1&_sid=29ae772c8&_ss=r,,https://cdn.shopify.com/s/files/1/0165/4439/9424/products/received_672155463587068_800x.png?v=1585869685,,,,,,
Alpha Letter - Box Style Font,M,,Coro,10,,,,24,40,,Letters,,,,,,,https://gilbertengineeringusa.com/products/alpha-letters-box-style-font?_pos=1&_sid=29ae772c8&_ss=r,,https://cdn.shopify.com/s/files/1/0165/4439/9424/products/received_672155463587068_800x.png?v=1585869685,,,,,,
Alpha Letter - Box Style Font,N,,Coro,10,,,,24,40,,Letters,,,,,,,https://gilbertengineeringusa.com/products/alpha-letters-box-style-font?_pos=1&_sid=29ae772c8&_ss=r,,https://cdn.shopify.com/s/files/1/0165/4439/9424/products/received_672155463587068_800x.png?v=1585869685,,,,,,
Alpha Letter - Box Style Font,O,,Coro,10,,,,24,40,,Letters,,,,,,,https://gilbertengineeringusa.com/products/alpha-letters-box-style-font?_pos=1&_sid=29ae772c8&_ss=r,,https://cdn.shopify.com/s/files/1/0165/4439/9424/products/received_672155463587068_800x.png?v=1585869685,,,,,,
Alpha Letter - Box Style Font,P,,Coro,10,,,,24,40,,Letters,,,,,,,https://gilbertengineeringusa.com/products/alpha-letters-box-style-font?_pos=1&_sid=29ae772c8&_ss=r,,https://cdn.shopify.com/s/files/1/0165/4439/9424/products/received_672155463587068_800x.png?v=1585869685,,,,,,
Alpha Letter - Box Style Font,Q,,Coro,10,,,,24,40,,Letters,,,,,,,https://gilbertengineeringusa.com/products/alpha-letters-box-style-font?_pos=1&_sid=29ae772c8&_ss=r,,https://cdn.shopify.com/s/files/1/0165/4439/9424/products/received_672155463587068_800x.png?v=1585869685,,,,,,
Alpha Letter - Box Style Font,R,,Coro,10,,,,24,40,,Letters,,,,,,,https://gilbertengineeringusa.com/products/alpha-letters-box-style-font?_pos=1&_sid=29ae772c8&_ss=r,,https://cdn.shopify.com/s/files/1/0165/4439/9424/products/received_672155463587068_800x.png?v=1585869685,,,,,,
Alpha Letter - Box Style Font,S,,Coro,10,,,,24,40,,Letters,,,,,,,https://gilbertengineeringusa.com/products/alpha-letters-box-style-font?_pos=1&_sid=29ae772c8&_ss=r,,https://cdn.shopify.com/s/files/1/0165/4439/9424/products/received_672155463587068_800x.png?v=1585869685,,,,,,
Alpha Letter - Box Style Font,T,,Coro,10,,,,24,40,,Letters,,,,,,,https://gilbertengineeringusa.com/products/alpha-letters-box-style-font?_pos=1&_sid=29ae772c8&_ss=r,,https://cdn.shopify.com/s/files/1/0165/4439/9424/products/received_672155463587068_800x.png?v=1585869685,,,,,,
Alpha Letter - Box Style Font,U,,Coro,10,,,,24,40,,Letters,,,,,,,https://gilbertengineeringusa.com/products/alpha-letters-box-style-font?_pos=1&_sid=29ae772c8&_ss=r,,https://cdn.shopify.com/s/files/1/0165/4439/9424/products/received_672155463587068_800x.png?v=1585869685,,,,,,
Alpha Letter - Box Style Font,V,,Coro,10,,,,24,40,,Letters,,,,,,,https://gilbertengineeringusa.com/products/alpha-letters-box-style-font?_pos=1&_sid=29ae772c8&_ss=r,,https://cdn.shopify.com/s/files/1/0165/4439/9424/products/received_672155463587068_800x.png?v=1585869685,,,,,,
Alpha Letter - Box Style Font,W,,Coro,10,,,,24,40,,Letters,,,,,,,https://gilbertengineeringusa.com/products/alpha-letters-box-style-font?_pos=1&_sid=29ae772c8&_ss=r,,https://cdn.shopify.com/s/files/1/0165/4439/9424/products/received_672155463587068_800x.png?v=1585869685,,,,,,
Alpha Letter - Box Style Font,X,,Coro,10,,,,24,40,,Letters,,,,,,,https://gilbertengineeringusa.com/products/alpha-letters-box-style-font?_pos=1&_sid=29ae772c8&_ss=r,,https://cdn.shopify.com/s/files/1/0165/4439/9424/products/received_672155463587068_800x.png?v=1585869685,,,,,,
Alpha Letter - Box Style Font,Y,,Coro,10,,,,24,40,,Letters,,,,,,,https://gilbertengineeringusa.com/products/alpha-letters-box-style-font?_pos=1&_sid=29ae772c8&_ss=r,,https://cdn.shopify.com/s/files/1/0165/4439/9424/products/received_672155463587068_800x.png?v=1585869685,,,,,,
Alpha Letter - Box Style Font,Z,,Coro,10,,,,24,40,,Letters,,,,,,,https://gilbertengineeringusa.com/products/alpha-letters-box-style-font?_pos=1&_sid=29ae772c8&_ss=r,,https://cdn.shopify.com/s/files/1/0165/4439/9424/products/received_672155463587068_800x.png?v=1585869685,,,,,,
American Flag,,746,,,82,48,,44,,,Symbols,Signs,First Responder and Military,,,,,https://gilbertengineeringusa.com/,American Flag.xmodel,,,,,,,
Angel,,139,,,,,,47,,,Figures,,,,,,,https://gilbertengineeringusa.com/,Angel.xmodel,,,,,,,
Arch 4ft,Single,50,Coro,10,48,,,,,,Arches,,,,Arches,,,https://gilbertengineeringusa.com/,,,https://cdn.shopify.com/s/files/1/0165/4439/9424/products/AlphaBulbs_A-Z_800x.JPG?v=1569162645,,,,,
Arch 4ft,Double,100,Coro,10,48,,,,,,Arches,,,,,,,https://gilbertengineeringusa.com/,Arch 4ft - Double.xmodel,https://cdn.shopify.com/s/files/1/0165/4439/9424/products/Arch_4_Foot_Double_Row_100.jpg?v=1579548157,,,,,,
Arch 6ft,Single,100,Coro,6,72,,,36,,,Arches,,,,Arches,,,https://gilbertengineeringusa.com/,,,,,,,,
Arch 6ft,Double,200,Coro,6,72,,,36,,,Arches,,,,,,,https://gilbertengineeringusa.com/,,,,,,,,
Arch 6ft,Triple,300,Coro,6,72,,,36,,,Arches,,,,,,,https://gilbertengineeringusa.com/,Arch 6ft - Triple.xmodel,https://cdn.shopify.com/s/files/1/0165/4439/9424/products/received-495428027757523_027b6897-0b62-4b78-a1df-269df7ba4afc_800x.jpg?v=1577074094,,,,,,
Battle Cross,,125,Coro,10,,,,47,,,Misc,Halloween,First Responder and Military,,,,,https://gilbertengineeringusa.com/,Battle Cross.xmodel,https://cdn.shopify.com/s/files/1/0165/4439/9424/products/bc3.jpg?v=1550872066,,,,,,
Biohazard Symbol,,308,Coro,10,47,,,47,,,Symbols,Halloween,Signs,,,,,https://gilbertengineeringusa.com/,,https://cdn.shopify.com/s/files/1/0165/4439/9424/products/BioHazard_800x.JPG?v=1569161496,https://cdn.shopify.com/s/files/1/0165/4439/9424/products/20191010-184756.jpg?v=1579548095,,,,,
BOAW,,448,Coro,10,31,,,31,,,Wreaths,,,,Circle,"Layer Sizes = 64,64,64,64,64,64,64",,https://gilbertengineeringusa.com/,,https://cdn.shopify.com/s/files/1/0165/4439/9424/products/MOAW_Mini_31_inch.JPG?v=1560194498,,,,,,
Caboose,,648,Coro,10,47,,,,,,Train,,,,,,,https://gilbertengineeringusa.com/,Caboose.xmodel,https://cdn.shopify.com/s/files/1/0165/4439/9424/products/received-222419735581358_800x.png?v=1581991223,https://cdn.shopify.com/s/files/1/0165/4439/9424/products/received-629265254533078_60e6333e-6e3d-49bd-b837-f149d90304ff_800x.jpg?v=1581991223,,,,,
Cactus Jr.,,75,Coro,10,19,,,29,,,Misc,,,,,,,https://gilbertengineeringusa.com/,Cactus Jr.xmodel,https://cdn.shopify.com/s/files/1/0165/4439/9424/products/20180811_143309-1.jpg?v=1550872073,,,,,,
Cancer Ribbon,,249,Coro,10,,,,47,,,Symbols,,,,,,,https://gilbertengineeringusa.com/,Cancer Ribbon.xmodel,https://gilbertengineeringusa.com/products/cancer-ribbon?_pos=1&_sid=2b4a7a64f&_ss=r,https://cdn.shopify.com/s/files/1/0165/4439/9424/products/cancer_ribbon_800x.jpg?v=1572311244,,,,,
Candle - HOPE,,110,Coro,10,,,,54,,,Candles,Poles,,,,,,https://gilbertengineeringusa.com/,Candle - HOPE.xmodel,https://cdn.shopify.com/s/files/1/0165/4439/9424/products/20200323_152730_800x.jpg?v=1585002703,,,,,,
Candle - JOY,,91,Coro,10,,,,54,,,Candles,Poles,,,,,,https://gilbertengineeringusa.com/,Candle JOY.xmodel,https://cdn.shopify.com/s/files/1/0165/4439/9424/products/20200323_152436_800x.jpg?v=1585002704,,,,,,
Candle - LOVE,,105,Coro,10,,,,54,,,Candles,Poles,,,,,,https://gilbertengineeringusa.com/,Candle - LOVE.xmodel,https://cdn.shopify.com/s/files/1/0165/4439/9424/products/20200323_152519_800x.jpg?v=1585002703,,,,,,
Candle - NOEL,,109,Coro,10,,,,54,,,Candles,Poles,,,,,,https://gilbertengineeringusa.com/,Candle NOEL.xmodel,https://cdn.shopify.com/s/files/1/0165/4439/9424/products/20200323_152458_800x.jpg?v=1585002704,,,,,,
Candle - Plain,,54,Coro,10,,,,42,,,Candles,Poles,,,,,,https://gilbertengineeringusa.com/,Candle 54.xmodel,https://cdn.shopify.com/s/files/1/0165/4439/9424/products/Candle_1_336x.JPG?v=1569148257,,,,,,
Candle 8' - HO HO HO,,250,Coro,10,,,,96,,,Candles,Poles,,,,,,https://gilbertengineeringusa.com/,,https://cdn.shopify.com/s/files/1/0165/4439/9424/products/20200111-175341_800x.jpg?v=1579127052,,,,,,
Candy Cane,,149,Coro,10,,,,36,60,,Candy Canes,Poles,,,,,,https://gilbertengineeringusa.com/,Candy Cane.xmodel,https://cdn.shopify.com/s/files/1/0165/4439/9424/products/20200215-070749_800x.jpg?v=1581775808,https://cdn.shopify.com/s/files/1/0165/4439/9424/products/20200215-070701_800x.jpg?v=1581775808,https://cdn.shopify.com/s/files/1/0165/4439/9424/products/20200215-070727_800x.jpg?v=1581775808,https://cdn.shopify.com/s/files/1/0165/4439/9424/products/20190202_164438_118dbc3a-89f6-4272-975f-ceb1521e9ada_800x.jpg?v=1581775808,,,
Candy Cane Spinner,Without Love,496,Coro,10,46,,,46,,,Spinners,Valentine’s Day,Candy Canes,,,,,https://gilbertengineeringusa.com/,,https://cdn.shopify.com/s/files/1/0165/4439/9424/products/Candy_Cane_Spinner_496_800x.JPG?v=1569156932,,,,,,
Candy Cane Spinner,With Love,608,Coro,10,46,,,46,,,Spinners,Valentine’s Day,Candy Canes,,,,,https://gilbertengineeringusa.com/,Candy Cane Spinner w Love.xmodel,https://cdn.shopify.com/s/files/1/0165/4439/9424/products/Candy_Cane_Love_608_800x.JPG?v=1569156931,,,,,,
Cauldron,Jr,,Coro,10,25,,,22.5,,,Halloween,,,,,,,https://gilbertengineeringusa.com/,Cauldron Jr.xmodel,https://cdn.shopify.com/s/files/1/0165/4439/9424/products/Cauldren-Jr-1.jpg?v=1552157389,,,,,,
Cauldron,Sr,,Coro,10,,,,,,,Halloween,,,,,,,https://gilbertengineeringusa.com/,Cauldron Sr.xmodel,https://cdn.shopify.com/s/files/1/0165/4439/9424/products/Cauldren-Sr-100-1.jpg?v=1552157389,,,,,,
Choo Choo Train,,485,Coro,10,96,,,24,,,Train,,,,,,,https://gilbertengineeringusa.com/,Choo Choo Train.xmodel,https://cdn.shopify.com/s/files/1/0165/4439/9424/products/20180812_135343-1.jpg?v=1550872070,,,,,,
Christmas Stocking,,50,Coro,10,,,,24,,,Misc,Santa,,,,,,https://gilbertengineeringusa.com/,Stocking.xmodel,https://cdn.shopify.com/s/files/1/0165/4439/9424/products/Stocking_24_Inch_1_400x.JPG?v=1569148840,https://cdn.shopify.com/s/files/1/0165/4439/9424/products/20190922-155100_800x.jpg?v=1569192723,,,,,
Coal Car,,648,Coro,10,52,,,38.5,,,Train,,,,,,,https://gilbertengineeringusa.com/,Coal Car.xmodel,https://cdn.shopify.com/s/files/1/0165/4439/9424/products/received-797819077363215_7e3abf50-1bf1-49d9-b04a-b6d967b98723_800x.png?v=1580789137,https://cdn.shopify.com/s/files/1/0165/4439/9424/products/received-175523743728975_800x.png?v=1580830627,,,,,
Coffin,,222,Coro,10,,,,44,,,Halloween,,,,,,,https://gilbertengineeringusa.com/,Coffin.xmodel,https://cdn.shopify.com/s/files/1/0165/4439/9424/products/Coffin-222-1_400x.jpg?v=1569145914,https://cdn.shopify.com/s/files/1/0165/4439/9424/products/20190202_115209_800x.jpg?v=1569148025,,,,,
Corotivity Scene,,262,Coro,10,47,,,44,,,Misc,,,,,,,https://gilbertengineeringusa.com/,Corotivity Scene.xmodel,https://cdn.shopify.com/s/files/1/0165/4439/9424/products/Nativity-1.jpg?v=1550872077,,,,,,
Cross,1,100,Coro,10,,,,40,,,Misc,Halloween,,,,,,https://gilbertengineeringusa.com/,Cross 1.xmodel,https://cdn.shopify.com/s/files/1/0165/4439/9424/products/20190202_210656.jpg?v=1579548098,,,,,,
Cross,2,100,Coro,10,,,,40,,,Misc,Halloween,,,,,,https://gilbertengineeringusa.com/,Cross 2.xmodel,https://cdn.shopify.com/s/files/1/0165/4439/9424/products/20190202_210701.jpg?v=1579548098,,,,,,
Cross,3,120,Coro,10,,,,40,,,Misc,Halloween,,,,,,https://gilbertengineeringusa.com/,Cross 3.xmodel,https://cdn.shopify.com/s/files/1/0165/4439/9424/products/20190216_213104.jpg?v=1579548098,,,,,,
Dark Helmet,,200,Coro,10,36,,,36,,,Faces,Halloween,,,,,,https://gilbertengineeringusa.com/,Dark Helmet.xmodel,https://cdn.shopify.com/s/files/1/0165/4439/9424/products/received_2564444003777239_800x.png?v=1586907687,https://cdn.shopify.com/s/files/1/0165/4439/9424/products/Dark_Helmet_4927b96b-d8d1-48e4-86d3-39af5e6df625_400x.jpg?v=1569167278,,,,,
Decorated Christmas Tree,Non Singing,210,Coro,10,36,,,53,,,Trees,,,,,,,https://gilbertengineeringusa.com/,Decorated Xmas Tree - Non Singing.xmodel,https://cdn.shopify.com/s/files/1/0165/4439/9424/products/Decorated_Tree_2020.JPG?v=1569464982,https://cdn.shopify.com/s/files/1/0165/4439/9424/products/Decorated_Tree_2020_367x.JPG?v=1569173017,,,,,
Decorated Christmas Tree,Singing,335,Coro,10,36,,,53,,,Trees,Faces,,,,,,https://gilbertengineeringusa.com/,Decorated Xmas Tree  - Singing.xmodel,https://cdn.shopify.com/s/files/1/0165/4439/9424/products/Decorated_Singing_Tree.jpg?v=1569464982,https://cdn.shopify.com/s/files/1/0165/4439/9424/products/Decorated_Singing_Tree_800x.jpg?v=1569176413,,,,,
DITTO Sign,,143,Coro,10,46,,,16,,,Signs,,,,,,,https://gilbertengineeringusa.com/,Ditto Sign.xmodel,https://cdn.shopify.com/s/files/1/0165/4439/9424/products/Ditto_800x.jpg?v=1572993425,,,,,,
Dolphin in Santa Hat,,137,Coro,10,,,,84,,,Figures,Santa,,,,,,https://gilbertengineeringusa.com/,,https://cdn.shopify.com/s/files/1/0165/4439/9424/products/Dolphin.jpg?v=1570476135,,,,,,
Dream Catcher,B,247,Coro,10,27,,,47,,,Spinners,,,,,,,https://gilbertengineeringusa.com/,Dream Catcher - B.xmodel,https://cdn.shopify.com/s/files/1/0165/4439/9424/products/Dream_Catcher_B_No_Lines_1.JPG?v=1550872078,https://cdn.shopify.com/s/files/1/0165/4439/9424/products/20190217_191746_800x.jpg?v=1569148847,,,,,
Easter Egg,Wavy Zag,37,Coro,10,26,,,34,,,Misc,Easter,,,,,,https://gilbertengineeringusa.com/,Easter Egg - WavyZag.xmodel,https://cdn.shopify.com/s/files/1/0165/4439/9424/products/received_680500952688153_352x.png?v=1585523804,https://cdn.shopify.com/s/files/1/0165/4439/9424/products/received_1294443184083937_377x.png?v=1585774557,,,,,
Easter Egg,Zig Zag Filled,109,Coro,10,26,,,34,,,Misc,Easter,,,,,,https://gilbertengineeringusa.com/,Easter Egg - ZigZag.xmodel,https://cdn.shopify.com/s/files/1/0165/4439/9424/products/received_680500952688153_352x.png?v=1585523804,https://cdn.shopify.com/s/files/1/0165/4439/9424/products/received_1003581573370671_392x.png?v=1585774557,,,,,
Easter Egg,Matrix,280,Coro,10,26,,,34,,,Misc,Easter,,,,,,https://gilbertengineeringusa.com/,Easter Egg - Matrix.xmodel,https://cdn.shopify.com/s/files/1/0165/4439/9424/products/received_597014567554625_337x.png?v=1585523805,https://cdn.shopify.com/s/files/1/0165/4439/9424/products/received_570585363664505_374x.png?v=1585774557,,,,,
Easter Egg,Outline,36,Coro,10,26,,,34,,,Misc,Easter,,,,,,https://gilbertengineeringusa.com/,Easter Egg - Outline.xmodel,https://cdn.shopify.com/s/files/1/0165/4439/9424/products/received_637353400176095_800x.png?v=1585600714,https://cdn.shopify.com/s/files/1/0165/4439/9424/products/received_157821918793290_400x.png?v=1585774558,,,,,
Easter Egg,Flower,84,Coro,10,26,,,34,,,Misc,Easter,,,,,,https://gilbertengineeringusa.com/,Easter Egg - Flower.xmodel,https://cdn.shopify.com/s/files/1/0165/4439/9424/products/received_1034860200248750_800x.png?v=1585600714,https://cdn.shopify.com/s/files/1/0165/4439/9424/products/received_1067729000270296_400x.png?v=1585774557,,,,,
Easter Egg,Line,54,Coro,10,26,,,34,,,Misc,Easter,,,,,,https://gilbertengineeringusa.com/,Easter Egg - Line.xmodel,https://cdn.shopify.com/s/files/1/0165/4439/9424/products/received_2917915388435264_800x.png?v=1585600714,https://cdn.shopify.com/s/files/1/0165/4439/9424/products/received_986410275089101_400x.png?v=1585774557,,,,,
Eiffel Tower,,107,Coro,10,36,,,46,,,Misc,,,,,,,https://gilbertengineeringusa.com/,,https://cdn.shopify.com/s/files/1/0165/4439/9424/products/20190816-113551.jpg?v=1579548101,,,,,,
Elf Hat Matrix,,284,Coro,10,37,,,33,,,Misc,Santa,,,,,,https://gilbertengineeringusa.com/,,https://cdn.shopify.com/s/files/1/0165/4439/9424/products/20181115_202156-1.jpg?v=1550872079,,,,,,
Fire Hydrant,,169,Coro,10,21,,,42,,,Misc,First Responder and Military,,,,,,https://gilbertengineeringusa.com/,Fire Hydrant.xmodel,https://cdn.shopify.com/s/files/1/0165/4439/9424/products/fire_hydrant_ba7790ba-0473-4994-9f59-9d68f7896932_331x.jpg?v=1579730373,https://cdn.shopify.com/s/files/1/0165/4439/9424/products/20200122-145848_800x.jpg?v=1579730373,,,,,
Flake 37,,216,Coro,10,37,,,37,,,Flakes,,,,,,,https://gilbertengineeringusa.com/,Flake 37.xmodel,https://cdn.shopify.com/s/files/1/0165/4439/9424/products/20190105_185611_6ed7c466-6576-447c-9fad-80e9e96c6cfe.jpg?v=1582572140,,,,,,
Flake 400,,400,Coro,10,46,,,42,,,Flakes,,,,,,,https://gilbertengineeringusa.com/,,https://cdn.shopify.com/s/files/1/0165/4439/9424/products/20200115-163416.jpg?v=1579548102,,,,,,
Flake 47,,216,Coro,10,48,,,48,,,Flakes,,,,,,,https://gilbertengineeringusa.com/,Flake 47.xmodel,https://cdn.shopify.com/s/files/1/0165/4439/9424/products/20200419_130828_800x.jpg?v=1587328969,,,,,,
Flake A,,139,Coro,10,24,30,,24,30,,Flakes,,,,,,,https://gilbertengineeringusa.com/,Flake A.xmodel,https://cdn.shopify.com/s/files/1/0165/4439/9424/products/received-1040482899622841_00ff206d-408b-49e1-bd8c-8e9decb9be04_800x.jpg?v=1580787949,https://cdn.shopify.com/s/files/1/0165/4439/9424/products/20190213_201921_800x.jpg?v=1569148655,,,,,
Flake B,24,186,Coro,10,24,,,24,,,Flakes,,,,,,,https://gilbertengineeringusa.com/,Flake B - 24.xmodel,https://cdn.shopify.com/s/files/1/0165/4439/9424/products/20200311_174604_800x.jpg?v=1583974563,https://cdn.shopify.com/s/files/1/0165/4439/9424/products/Flake_B_186_1_32e70bdb-8ead-46b7-9b00-d1b402a14a43_390x.jpg?v=1579129204,,,,,
Flake B,30,186,Coro,10,30,,,30,,,Flakes,,,,,,,https://gilbertengineeringusa.com/,Flake B - 24.xmodel,https://cdn.shopify.com/s/files/1/0165/4439/9424/products/20200311_174604_800x.jpg?v=1583974563,https://cdn.shopify.com/s/files/1/0165/4439/9424/products/Flake_B_186_1_32e70bdb-8ead-46b7-9b00-d1b402a14a43_390x.jpg?v=1579129204,,,,,
Flake B,36,248,Coro,10,36,,,36,,,Flakes,,,,,,,https://gilbertengineeringusa.com/,,https://cdn.shopify.com/s/files/1/0165/4439/9424/products/20190405-202301_9e605dae-a6f2-4dd3-8a61-9cc3e23ef2a4.jpg?v=1579548104,https://cdn.shopify.com/s/files/1/0165/4439/9424/products/received-2526713370908112_800x.png?v=1579129204,,,,,
Flake C,,65,Coro,10,,,,24,,,Flakes,,,,,,,https://gilbertengineeringusa.com/,Flake C.xmodel,https://cdn.shopify.com/s/files/1/0165/4439/9424/products/Flake_1_24_1_5300ec8d-c61a-4260-abd9-d7321dfdba4f_400x.JPG?v=1569146275,https://cdn.shopify.com/s/files/1/0165/4439/9424/products/Flake_1_24_1_5300ec8d-c61a-4260-abd9-d7321dfdba4f_400x.JPG?v=1569146275,,,,,
Flake D,,205,Coro,10,24,30,,24,30,,Flakes,,,,,,,https://gilbertengineeringusa.com/,Flake D.xmodel,https://cdn.shopify.com/s/files/1/0165/4439/9424/products/Flake_24_1_1000x.GIF?v=1569147064,https://cdn.shopify.com/s/files/1/0165/4439/9424/products/Flake_24_1_800x.GIF?v=1569147064,,,,,
Flake E,,120,Coro,10,24,30,,24,30,,Flakes,,,,,,,https://gilbertengineeringusa.com/,Flake E.xmodel,https://cdn.shopify.com/s/files/1/0165/4439/9424/products/Flake_Helm_24-120_1_56d4856d-0edc-49a2-96ab-ed3254233220_800x.jpg?v=1579375998,,,,,,
Flake F,,89,Coro,10,23,30,,23,30,,Flakes,,,,,,,https://gilbertengineeringusa.com/,Flake F.xmodel,https://cdn.shopify.com/s/files/1/0165/4439/9424/products/Flake_Pie_24_1_800x.JPG?v=1569146274,,,,,,
Flake G,,129,Coro,10,23,30,,23,30,,Flakes,,,,,,,https://gilbertengineeringusa.com/,Flake G.xmodel,https://cdn.shopify.com/s/files/1/0165/4439/9424/products/20200314_142650_800x.jpg?v=1584221275,https://cdn.shopify.com/s/files/1/0165/4439/9424/products/20190119_114956_800x.jpg?v=1569146770,,,,,
Flake H,,157,Coro,10,24,,,24,,,Flakes,,,,,,,https://gilbertengineeringusa.com/,Flake H.xmodel,https://cdn.shopify.com/s/files/1/0165/4439/9424/products/20190223_122643.jpg?v=1579548109,,,,,,
Flake I,24,96,Coro,10,24,,,24,,,Flakes,,,,,,,https://gilbertengineeringusa.com/,Flake I - 24.xmodel,https://cdn.shopify.com/s/files/1/0165/4439/9424/products/20200219-173418_800x.jpg?v=1582158948,https://cdn.shopify.com/s/files/1/0165/4439/9424/products/Flake_I_96_1_800x.JPG?v=1569148138,,,,,
Flake I,36,228,Coro,10,36,,,36,,,Flakes,,,,,,,https://gilbertengineeringusa.com/,,https://cdn.shopify.com/s/files/1/0165/4439/9424/products/received_2677078352403248.png?v=1586967780,https://cdn.shopify.com/s/files/1/0165/4439/9424/products/received_2677078352403248_400x.png?v=1586907548,,,,,
Flake J,,156,Coro,10,24,,,24,,,Flakes,,,,,,,https://gilbertengineeringusa.com/,Flake J.xmodel,https://cdn.shopify.com/s/files/1/0165/4439/9424/products/20190218_130113.jpg?v=1579548110,,,,,,
Flake K,,112,Coro,10,24,,,24,,,Flakes,,,,,,,https://gilbertengineeringusa.com/,Flake K.xmodel,https://cdn.shopify.com/s/files/1/0165/4439/9424/products/Flake_K_1_800x.JPG?v=1569148224,https://cdn.shopify.com/s/files/1/0165/4439/9424/products/20190723-064951_800x.jpg?v=1569168110,,,,,
Flake L,23,78,Coro,10,23,,,23,,,Flakes,,,,,,,https://gilbertengineeringusa.com/,Flake L - 23.xmodel,https://cdn.shopify.com/s/files/1/0165/4439/9424/products/20200314_142853_800x.jpg?v=1584221624,https://cdn.shopify.com/s/files/1/0165/4439/9424/products/20191027-113131_800x.jpg?v=1572201145,,,,,
Flake L,30,96,Coro,10,30,,,30,,,Flakes,,,,,,,https://gilbertengineeringusa.com/,Flake L - 30.xmodel,https://cdn.shopify.com/s/files/1/0165/4439/9424/products/20200320_125636_800x.jpg?v=1584734265,,,,,,
Flake M,,84,Coro,10,23,,,23,,,Flakes,,,,,,,https://gilbertengineeringusa.com/,,https://cdn.shopify.com/s/files/1/0165/4439/9424/products/Flake_M.png?v=1579548113,,,,,,
Flake N,,168,Coro,10,36,,,36,,,Flakes,,,,,,,https://gilbertengineeringusa.com/,,https://cdn.shopify.com/s/files/1/0165/4439/9424/products/20200329_120752.jpg?v=1585596197,,,,,,
Flat or Corner Tree,300,300,Coro,10,,,,48,78,,Trees,,,,,,,https://gilbertengineeringusa.com/,,https://cdn.shopify.com/s/files/1/0165/4439/9424/products/20191229-093442_400x.png?v=1577638546,,,,,,
Flat or Corner Tree,400,400,Coro,10,,,,78,,,Trees,,,,,,,https://gilbertengineeringusa.com/,,https://cdn.shopify.com/s/files/1/0165/4439/9424/products/20191229-093442_400x.png?v=1577638546,,,,,,
Fleur de Lis,Outline,114,Coro,10,36,,,46,,,Symbols,,,,,,,https://gilbertengineeringusa.com/,,https://cdn.shopify.com/s/files/1/0165/4439/9424/products/Fleur_de_Lis_0b24e807-daf6-4858-9d69-e98fd4a82e70_800x.png?v=1579126554,,,,,,
Fleur de Lis,Small,50,Coro,10,,,,24,,,Symbols,,,,,,,https://gilbertengineeringusa.com/,,https://cdn.shopify.com/s/files/1/0165/4439/9424/products/Fleur_de_Lis_0b24e807-daf6-4858-9d69-e98fd4a82e70.png?v=1579548116,,,,,,
Fleur de Lis,Filled,337,Coro,10,36,,,46,,,Symbols,,,,,,,https://gilbertengineeringusa.com/,Fleur Di Lis - Filled.xmodel,https://cdn.shopify.com/s/files/1/0165/4439/9424/products/received-850912302017331_800x.png?v=1579126554,,,,,,
Flying Bat Jr.,,74,Coro,10,30,,,20,,,Misc,Halloween,,,,,,https://gilbertengineeringusa.com/,Flying Bat Jr.xmodel,https://cdn.shopify.com/s/files/1/0165/4439/9424/products/Flying-Bat-Rev-B-1-Copy.jpg?v=1550872091,,,,,,
Flying Bat Sr.,,130,Coro,10,48,,,30,,,Misc,Halloween,,,,,,https://gilbertengineeringusa.com/,Flying Bat Sr.xmodel,https://cdn.shopify.com/s/files/1/0165/4439/9424/products/20190126_202555.jpg?v=1550872092,,,,,,
Frosty Flake,,300,Coro,10,36,47,,36,47,,Flakes,,,,,,,https://gilbertengineeringusa.com/,Frosty Flake.xmodel,https://cdn.shopify.com/s/files/1/0165/4439/9424/products/20200216-134041_800x.jpg?v=1582079617,https://cdn.shopify.com/s/files/1/0165/4439/9424/products/Frosty_Flake_400x.jpg?v=1578544907,,,,,
G-Sphere,,1052,Coro,6,21,30,36,21,30,36,3-D,High Density,,,,,,https://gilbertengineeringusa.com/,G-Sphere.xmodel,https://cdn.shopify.com/s/files/1/0165/4439/9424/products/20200125-183343_800x.jpg?v=1580060723,https://cdn.shopify.com/s/files/1/0165/4439/9424/products/20200124-225536_230df135-c215-4802-8243-2ad1356938c5_800x.jpg?v=1580060723,,,,,
Gear Spinner,,280,Coro,10,47,,,47,,,Spinners,,,,,,,https://gilbertengineeringusa.com/,Gear Spinner.xmodel,https://cdn.shopify.com/s/files/1/0165/4439/9424/products/Gear_Spinner_294_47_Inch.JPG?v=1560194496,,,,,,
Ghost Jr.,,89,Coro,10,29,,,24,,,Spooky,,,,,,,https://gilbertengineeringusa.com/,Ghost Jr.xmodel,https://cdn.shopify.com/s/files/1/0165/4439/9424/products/20180811_143303-1.jpg?v=1550872075,,,,,,
Gift Tag,A,100,Coro,10,,,,47,,,Signs,,,,,,,https://gilbertengineeringusa.com/,Gift Tag - A.xmodel,https://cdn.shopify.com/s/files/1/0165/4439/9424/products/20190217_121859.jpg?v=1561404095,,,,,,
Gift Tag,B,110,Coro,10,,,,47,,,Signs,,,,,,,https://gilbertengineeringusa.com/,,https://cdn.shopify.com/s/files/1/0165/4439/9424/products/Gift_Tag_B_110.JPG?v=1561404095,,,,,,
Gift Tag,C,96,Coro,10,,,,47,,,Signs,,,,,,,https://gilbertengineeringusa.com/,,https://cdn.shopify.com/s/files/1/0165/4439/9424/products/Gift_Tag_C_96.JPG?v=1561404095,,,,,,
Gift Tag,D,147,Coro,10,,,,47,,,Signs,,,,,,,https://gilbertengineeringusa.com/,,https://cdn.shopify.com/s/files/1/0165/4439/9424/products/Gift_Tag_D_147.JPG?v=1561404095,,,,,,
Gingerbread Man,,136,Coro,10,38,,,48,,,Figures,,,,,,,https://gilbertengineeringusa.com/,Gingerbread Man.xmodel,https://cdn.shopify.com/s/files/1/0165/4439/9424/products/20180928_073145-1.jpg?v=1550872096,,,,,,
Grand Illusion,,1000,Coro,10,46,,,46,,,Spinners,High Density,,,Circle,"Layer Sizes 100,100,100,100,100,100,100,100,100,100,100",,https://gilbertengineeringusa.com/,,https://cdn.shopify.com/s/files/1/0165/4439/9424/products/20200222-150507_800x.jpg?v=1582411934,,,,,,
Halloween Font Alphabet,A,62,Coro,10,,,,30,,,Letters,,,,,,,https://gilbertengineeringusa.com/,Halloween Font - A.xmodel,https://cdn.shopify.com/s/files/1/0165/4439/9424/products/A_62.JPG?v=1555356160,,,,,,
Halloween Font Alphabet,B,65,Coro,10,,,,30,,,Letters,,,,,,,https://gilbertengineeringusa.com/,,https://cdn.shopify.com/s/files/1/0165/4439/9424/products/B_65_1.JPG?v=1555356160,,,,,,
Halloween Font Alphabet,C,38,Coro,10,,,,30,,,Letters,,,,,,,https://gilbertengineeringusa.com/,,https://cdn.shopify.com/s/files/1/0165/4439/9424/products/C_38_1_28752f2d-efa5-4709-951a-7440a051dbe1.JPG?v=1555356160,,,,,,
Halloween Font Alphabet,D,55,Coro,10,,,,30,,,Letters,,,,,,,https://gilbertengineeringusa.com/,,https://cdn.shopify.com/s/files/1/0165/4439/9424/products/D_55_1.JPG?v=1555356160,,,,,,
Halloween Font Alphabet,E,46,Coro,10,,,,30,,,Letters,,,,,,,https://gilbertengineeringusa.com/,Halloween Font - E.xmodel,https://cdn.shopify.com/s/files/1/0165/4439/9424/products/E_46_1.JPG?v=1555356160,,,,,,
Halloween Font Alphabet,F,45,Coro,10,,,,30,,,Letters,,,,,,,https://gilbertengineeringusa.com/,,https://cdn.shopify.com/s/files/1/0165/4439/9424/products/F_45_1.JPG?v=1555356160,,,,,,
Halloween Font Alphabet,G,53,Coro,10,,,,30,,,Letters,,,,,,,https://gilbertengineeringusa.com/,,https://cdn.shopify.com/s/files/1/0165/4439/9424/products/G_53_1.JPG?v=1555356160,,,,,,
Halloween Font Alphabet,H,69,Coro,10,,,,30,,,Letters,,,,,,,https://gilbertengineeringusa.com/,Halloween Font - H.xmodel,https://cdn.shopify.com/s/files/1/0165/4439/9424/products/H_69_1.JPG?v=1555356160,,,,,,
Halloween Font Alphabet,I,30,Coro,10,,,,30,,,Letters,,,,,,,https://gilbertengineeringusa.com/,,https://cdn.shopify.com/s/files/1/0165/4439/9424/products/I_30_1.JPG?v=1555356160,,,,,,
Halloween Font Alphabet,J,43,Coro,10,,,,30,,,Letters,,,,,,,https://gilbertengineeringusa.com/,,https://cdn.shopify.com/s/files/1/0165/4439/9424/products/J_43_1.JPG?v=1555356160,,,,,,
Halloween Font Alphabet,K,57,Coro,10,,,,30,,,Letters,,,,,,,https://gilbertengineeringusa.com/,,https://cdn.shopify.com/s/files/1/0165/4439/9424/products/K_57_1.JPG?v=1555356160,,,,,,
Halloween Font Alphabet,L,31,Coro,10,,,,30,,,Letters,,,,,,,https://gilbertengineeringusa.com/,Halloween Font - L.xmodel,https://cdn.shopify.com/s/files/1/0165/4439/9424/products/L_31_1.JPG?v=1555356160,,,,,,
Halloween Font Alphabet,M,78,Coro,10,,,,30,,,Letters,,,,,,,https://gilbertengineeringusa.com/,,https://cdn.shopify.com/s/files/1/0165/4439/9424/products/M_78_1.JPG?v=1555356160,,,,,,
Halloween Font Alphabet,N,49,Coro,10,,,,30,,,Letters,,,,,,,https://gilbertengineeringusa.com/,Halloween Font - N.xmodel,https://cdn.shopify.com/s/files/1/0165/4439/9424/products/N_49_1.JPG?v=1555356160,,,,,,
Halloween Font Alphabet,O,45,Coro,10,,,,30,,,Letters,,,,,,,https://gilbertengineeringusa.com/,Halloween Font - O.xmodel,https://cdn.shopify.com/s/files/1/0165/4439/9424/products/O_45_1.JPG?v=1555356160,,,,,,
Halloween Font Alphabet,P,39,Coro,10,,,,30,,,Letters,,,,,,,https://gilbertengineeringusa.com/,Halloween Font - P.xmodel,https://cdn.shopify.com/s/files/1/0165/4439/9424/products/P_39_1.JPG?v=1555356160,,,,,,
Halloween Font Alphabet,Q,61,Coro,10,,,,30,,,Letters,,,,,,,https://gilbertengineeringusa.com/,,https://cdn.shopify.com/s/files/1/0165/4439/9424/products/Q_61_1.JPG?v=1555356160,,,,,,
Halloween Font Alphabet,R,49,Coro,10,,,,30,,,Letters,,,,,,,https://gilbertengineeringusa.com/,,https://cdn.shopify.com/s/files/1/0165/4439/9424/products/R_49_1.JPG?v=1555356160,,,,,,
Halloween Font Alphabet,S,51,Coro,10,,,,30,,,Letters,,,,,,,https://gilbertengineeringusa.com/,,https://cdn.shopify.com/s/files/1/0165/4439/9424/products/S_51_1.JPG?v=1555356160,,,,,,
Halloween Font Alphabet,T,36,Coro,10,,,,30,,,Letters,,,,,,,https://gilbertengineeringusa.com/,,https://cdn.shopify.com/s/files/1/0165/4439/9424/products/T_36_1.JPG?v=1555356160,,,,,,
Halloween Font Alphabet,U,49,Coro,10,,,,30,,,Letters,,,,,,,https://gilbertengineeringusa.com/,,https://cdn.shopify.com/s/files/1/0165/4439/9424/products/U_49_1.JPG?v=1555356160,,,,,,
Halloween Font Alphabet,V,54,Coro,10,,,,30,,,Letters,,,,,,,https://gilbertengineeringusa.com/,,https://cdn.shopify.com/s/files/1/0165/4439/9424/products/V_54_1.JPG?v=1555356160,,,,,,
Halloween Font Alphabet,W,76,Coro,10,,,,30,,,Letters,,,,,,,https://gilbertengineeringusa.com/,Halloween Font - W.xmodel,https://cdn.shopify.com/s/files/1/0165/4439/9424/products/W_76_1.JPG?v=1555356160,,,,,,
Halloween Font Alphabet,X,58,Coro,10,,,,30,,,Letters,,,,,,,https://gilbertengineeringusa.com/,,https://cdn.shopify.com/s/files/1/0165/4439/9424/products/X_58_1.JPG?v=1555356160,,,,,,
Halloween Font Alphabet,Y,41,Coro,10,,,,30,,,Letters,,,,,,,https://gilbertengineeringusa.com/,Halloween Font - Y.xmodel,https://cdn.shopify.com/s/files/1/0165/4439/9424/products/Y_41_1.JPG?v=1555356160,,,,,,
Halloween Font Alphabet,Z,53,Coro,10,,,,30,,,Letters,,,,,,,https://gilbertengineeringusa.com/,,https://cdn.shopify.com/s/files/1/0165/4439/9424/products/Z_53_1.JPG?v=1555356160,,,,,,
Hanging Elf,,222,Coro,10,,,,48,,,Figures,Santa,,,,,,https://gilbertengineeringusa.com/,,https://cdn.shopify.com/s/files/1/0165/4439/9424/products/Hanging_Elf_2.jpg?v=1570476136,,,,,,
Hanukkah Dreidels,H (Hei),,Coro,10,,,,32,,,Symbols,Hanukkah,,,,,,https://gilbertengineeringusa.com/,,https://cdn.shopify.com/s/files/1/0165/4439/9424/products/Dradel_H_2.JPG?v=1563339514,,,,,,
Hanukkah Dreidels,S (Shin),,Coro,10,,,,32,,,Symbols,Hanukkah,,,,,,https://gilbertengineeringusa.com/,,https://cdn.shopify.com/s/files/1/0165/4439/9424/products/Dreidel_S_1.JPG?v=1563339514,,,,,,
Hanukkah Dreidels,G (Gimel),,Coro,10,,,,32,,,Symbols,Hanukkah,,,,,,https://gilbertengineeringusa.com/,,https://cdn.shopify.com/s/files/1/0165/4439/9424/products/Dreidel_G_1.JPG?v=1563339514,,,,,,
Hanukkah Dreidels,N (Nun),,Coro,10,,,,32,,,Symbols,Hanukkah,,,,,,https://gilbertengineeringusa.com/,,https://cdn.shopify.com/s/files/1/0165/4439/9424/products/Dreidel_Nun_1.JPG?v=1563339514,,,,,,
Hanukkah Dreidels,Blank,,Coro,10,,,,32,,,Symbols,Hanukkah,,,,,,https://gilbertengineeringusa.com/,,https://cdn.shopify.com/s/files/1/0165/4439/9424/products/Dreidel_Blank_1.JPG?v=1563339514,,,,,,
Hattitude Quartet,,589,Coro,10,47,,,47,,,Combo Props,Singing,,,,,,https://gilbertengineeringusa.com/,Hattitude Quartet.xmodel,https://cdn.shopify.com/s/files/1/0165/4439/9424/products/received_225154615507270_800x.png?v=1585888548,https://cdn.shopify.com/s/files/1/0165/4439/9424/products/87904118_236230730744980_3764496301882867712_n_800x.png?v=1584908324,https://cdn.shopify.com/s/files/1/0165/4439/9424/products/87857366_501142923932662_1165852491493933056_n_800x.png?v=1584908327,,,,
Hattitude Triune,,607,Coro,10,47,,,47,,,Combo Props,Singing,,,,,,https://gilbertengineeringusa.com/,Hattitude Triune.xmodel,https://cdn.shopify.com/s/files/1/0165/4439/9424/products/Hattitude_2_800x.png?v=1582211911,https://cdn.shopify.com/s/files/1/0165/4439/9424/products/20200219-224623_61b0fccb-7ae8-45aa-b6b2-a5c1420bbb0a_800x.jpg?v=1582209636,https://cdn.shopify.com/s/files/1/0165/4439/9424/products/20200219-224550_17f91c02-9420-4e9a-865e-277606616713_800x.jpg?v=1582209636,https://cdn.shopify.com/s/files/1/0165/4439/9424/products/20200219-224641_78936f6e-d5c9-4733-b2f6-045bc1a08f9b_800x.jpg?v=1582209636,,,
Headless Horseman,,415,Coro,10,96,,,96,,,Figures,Halloween,,,,,,https://gilbertengineeringusa.com/,,https://cdn.shopify.com/s/files/1/0165/4439/9424/products/Headless_Horseman_400x.JPG?v=1569168291,https://cdn.shopify.com/s/files/1/0165/4439/9424/products/20200320_170412_800x.jpg?v=1584749155,,,,,
Heart,Outline,50,Coro,10,,,,30,,,Misc,Valentine’s Day,,,,,,https://gilbertengineeringusa.com/,,https://cdn.shopify.com/s/files/1/0165/4439/9424/products/20191229-112159_8be55c2f-cf37-4a0d-9e3f-7385b6f0adb4.jpg?v=1582425592,,,,,,
Heart,LOVE,147,Coro,10,,,,30,,,Misc,Valentine’s Day,Words,,,,,https://gilbertengineeringusa.com/,,https://cdn.shopify.com/s/files/1/0165/4439/9424/products/20200222-192625_37000cde-58c4-4cd3-b99e-5bd69a6dca04.jpg?v=1582572144,,,,,,
Heart,Filled,200,Coro,10,,,,30,,,Misc,Valentine’s Day,,,,,,https://gilbertengineeringusa.com/,,https://cdn.shopify.com/s/files/1/0165/4439/9424/products/received-1426246377539436.png?v=1582572144,,,,,,
HO HO HO,,600,Coro,10,,,,27,,,Words,Santa,,,,,,https://gilbertengineeringusa.com/,,https://cdn.shopify.com/s/files/1/0165/4439/9424/products/received-159719395366381_800x.png?v=1579728684,https://cdn.shopify.com/s/files/1/0165/4439/9424/products/received-220602169105811_800x.png?v=1580837615,,,,,
Holly Leaves,,100,Coro,10,36,,,,,,Misc,,,,,,,https://gilbertengineeringusa.com/,Holly Leaves.xmodel,https://cdn.shopify.com/s/files/1/0165/4439/9424/products/Holly_Leaves_800x.JPG?v=1569161504,https://cdn.shopify.com/s/files/1/0165/4439/9424/products/20191005-115900_800x.jpg?v=1570310324,,,,,
Holly the Girl Elf,,299,Coro,10,33,,,44,,,Figures,Santa,,,,,,https://gilbertengineeringusa.com/,Holly the Girl Elf.xmodel,https://cdn.shopify.com/s/files/1/0165/4439/9424/products/20181115_195121-1.jpg?v=1550872098,,,,,,
Joy,,282,,,,,,,,,Words,,,,,,,https://gilbertengineeringusa.com/,Joy.xmodel,,,,,,,
JustIn Traffic,,250,Coro,10,30,,,47,,,Figures,,,,,,,https://gilbertengineeringusa.com/,Justin Traffic.xmodel,https://cdn.shopify.com/s/files/1/0165/4439/9424/products/received-191068318680721_0772682d-8060-4f45-bdc6-23ca862f79ce_400x.png?v=1581775925,https://cdn.shopify.com/s/files/1/0165/4439/9424/products/Justin_Traffic_1cedbd02-0aba-4b37-b9e5-cd7bb21fe897_307x.jpg?v=1581775925,,,,,
Lawn Disc,4”,16,Coro,10,4,,,4,,,Spinners,,,,Spinner,"8 arms, 2 Lights/Arm",,https://gilbertengineeringusa.com/,,https://cdn.shopify.com/s/files/1/0165/4439/9424/products/51457093_1103128679895860_5529871879382237184_n_a3226f5e-ef95-4ab0-b2d8-2f5aa851c713.jpg?v=1550872100,,,,,,
Lawn Disc,5.5”,24,Coro,10,5.5,,,5.5,,,Spinners,,,,Spinner,"8 arms, 3 Lights/Arm",,https://gilbertengineeringusa.com/,,https://cdn.shopify.com/s/files/1/0165/4439/9424/products/20200417_125149.jpg?v=1587153183,,,,,,
Leg Lamp,,158,Coro,10,,,,48,,,Misc,,,,,,,https://gilbertengineeringusa.com/,Leg Lamp.xmodel,https://cdn.shopify.com/s/files/1/0165/4439/9424/products/received-125133148823515_7c4e054c-1039-44a0-aa32-849db281a390_400x.png?v=1583467769,https://cdn.shopify.com/s/files/1/0165/4439/9424/products/CoroLamp48_800x.JPG?v=1569145464,,,,,
Lollipop,Small,60,Coro,10,16,,,56,,,Poles,Easter,,,,,,https://gilbertengineeringusa.com/,,https://cdn.shopify.com/s/files/1/0165/4439/9424/products/20191222-165151.jpg?v=1579548135,,,,,,
Lollipop,Medium,83,Coro,10,24,,,72,,,Poles,Easter,,,,,,https://gilbertengineeringusa.com/,,https://cdn.shopify.com/s/files/1/0165/4439/9424/products/20191222-165112.jpg?v=1579548135,,,,,,
Lollipop,Large,83,Coro,10,30,,,84,,,Poles,Easter,,,,,,https://gilbertengineeringusa.com/,,https://cdn.shopify.com/s/files/1/0165/4439/9424/products/20191222-165042.jpg?v=1579548135,,,,,,
Longhorn,Non Talking,80,Coro,10,72,,,,,,Faces,,,,,,,https://gilbertengineeringusa.com/,Longhorn - Non Talking.xmodel,https://cdn.shopify.com/s/files/1/0165/4439/9424/products/Longhorn_80.jpg?v=1571007501,,,,,,
Longhorn,Talking,144,Coro,10,72,,,,,,Faces,Singing,,,,,,https://gilbertengineeringusa.com/,Longhorn - Talking.xmodel,https://cdn.shopify.com/s/files/1/0165/4439/9424/products/talking_steer.jpg?v=1571007501,,,,,,
LOVE,,280,Coro,10,,,,30,,,Words,Valentine’s Day,,,,,,https://gilbertengineeringusa.com/,,https://cdn.shopify.com/s/files/1/0165/4439/9424/products/20191222-175533.jpg?v=1579548137,,,,,,
Loving Hands,,270,Coro,10,44,,,31.5,,,Misc,Valentine’s Day,,,,,,https://gilbertengineeringusa.com/,Loving Hands.xmodel,https://cdn.shopify.com/s/files/1/0165/4439/9424/products/20200419_191725_800x.jpg?v=1587349120,,,,,,
Magic Castle,,221,Coro,10,,,,48,,,Misc,Magical,,,,,,https://gilbertengineeringusa.com/,Magic Castle.xmodel,https://cdn.shopify.com/s/files/1/0165/4439/9424/products/20190224-190303.jpg?v=1555356166,,,,,,
Magic Flake,,272,Coro,10,37,,,37,,,Flakes,Magical,,,,,,https://gilbertengineeringusa.com/,Magic Flake.xmodel,https://cdn.shopify.com/s/files/1/0165/4439/9424/products/MagicFlake36-1_800x.jpg?v=1569145640,https://cdn.shopify.com/s/files/1/0165/4439/9424/products/MagicFlake-37-e1546025260672_800x.jpg?v=1569145640,,,,,
Magic Wizard,,150,Coro,10,43,,,43,,,Figures,Magical,,,,,,https://gilbertengineeringusa.com/,Magical Wizard.xmodel,https://cdn.shopify.com/s/files/1/0165/4439/9424/products/20200127-121513.jpg?v=1580152955,,,,,,
Magical Spinner Jr.,,277,Coro,10,27.5,,,18,,,Spinners,Magical,,,,,,https://gilbertengineeringusa.com/,Magical Spinner Jr.xmodel,https://cdn.shopify.com/s/files/1/0165/4439/9424/products/MagicalSpinner-277-24-1_800x.jpg?v=1569145641,,,,,,
Magical Spinner Sr.,,320,Coro,10,48,,,,,,Spinners,Magical,,,,,,https://gilbertengineeringusa.com/,Magical Spinner Sr.xmodel,https://cdn.shopify.com/s/files/1/0165/4439/9424/products/MagicalWreath-247-48-1_800x.jpg?v=1569145641,,,,,,
Maltese Cross,,150,Coro,10,36,48,,,,,Symbols,Hanukkah,,,,,,https://gilbertengineeringusa.com/,Maltese Cross.xmodel,https://cdn.shopify.com/s/files/1/0165/4439/9424/products/Maltese_Cross_400x.jpg?v=1571512104,https://cdn.shopify.com/s/files/1/0165/4439/9424/products/20191027-113155_800x.jpg?v=1572201572,,,,,
Matrix Arch Spinner 6 Foot (SpinArchy),,840,HDPE,0,72,,,37,,,Arches,Spinners,,,,,,https://gilbertengineeringusa.com/,Matrix Arch Spinner.xmodel,https://cdn.shopify.com/s/files/1/0165/4439/9424/products/20200318_105708.jpg?v=1586629607,,,,,,
Mega Fidget Spinner,,456,Coro,10,48,,,48,,,Spinners,,,,,,,https://gilbertengineeringusa.com/,Mega Fidget Spinner.xmodel,https://cdn.shopify.com/s/files/1/0165/4439/9424/products/20190730-193430.jpg?v=1565032862,,,,,,
Mega Magic Wheel,,279,Coro,10,48,,,48,,,Spinners,Magical,,,,,,https://gilbertengineeringusa.com/,Mega Magic Wheel.xmodel,https://cdn.shopify.com/s/files/1/0165/4439/9424/products/Magic-Wheel-1_338x.jpg?v=1569145640,https://cdn.shopify.com/s/files/1/0165/4439/9424/products/20181114_223250-1-e1542298233468_800x.jpg?v=1569145640,,,,,
Mega Skull,,313,Coro,10,47,,,47,,,Figures,Halloween,,,,,,https://gilbertengineeringusa.com/,Mega Skull.xmodel,https://cdn.shopify.com/s/files/1/0165/4439/9424/products/Skull_Topper_313_800x.jpg?v=1569176949,https://cdn.shopify.com/s/files/1/0165/4439/9424/products/20190913-222052_800x.jpg?v=1569176973,,,,,
Mega Wreath 320,,320,Coro,10,46,,,46,,,Wreaths,,,,Circle,"Layer Sizes = 64,64,64,64,64",,https://gilbertengineeringusa.com/,,https://cdn.shopify.com/s/files/1/0165/4439/9424/products/20200117-201947_b7d0a6be-108a-4869-b013-04b03da774e0_800x.jpg?v=1579721125,https://cdn.shopify.com/s/files/1/0165/4439/9424/products/20200117-201501_2ce882da-f67e-4e3c-bdd1-4c3d2bbf4f2b_800x.jpg?v=1579721125,https://cdn.shopify.com/s/files/1/0165/4439/9424/products/20200117-201434_cd89ed87-af81-4ae9-8277-c83a574c6609_800x.jpg?v=1579721125,https://cdn.shopify.com/s/files/1/0165/4439/9424/products/20200117-202042_658aaba6-efc5-40cb-913e-1a47bacbefdf_800x.jpg?v=1579721125,,,
Mega Wreath 320,Flake-1,405,Coro,10,46,,,46,,,Wreaths,Flakes,,,,,,https://gilbertengineeringusa.com/,Mega Wreath 320 - Flake 1.xmodel,https://cdn.shopify.com/s/files/1/0165/4439/9424/products/20190105_200713_800x.jpg?v=1569146774,,,,,,
Mega Wreath 320,Magic Head,388,Coro,10,46,,,46,,,Wreaths,Spinners,Magical,,,,,https://gilbertengineeringusa.com/,Mega Wreath 320 - Magical Head.xmodel,https://cdn.shopify.com/s/files/1/0165/4439/9424/products/20191020-151614_800x.jpg?v=1571609823,,,,,,
Mega Wreath 320,Spinner,405,Coro,10,46,,,46,,,Words,Spinners,,,,,,https://gilbertengineeringusa.com/,Mega Wreath 320 - Spinner.xmodel,https://cdn.shopify.com/s/files/1/0165/4439/9424/products/20190126_221806_800x.jpg?v=1569147641,,,,,,
Merry Christmas,,397,Coro,10,,,,30,,,Words,Signs,,,,,,https://gilbertengineeringusa.com/,Merry Christmas.xmodel,https://cdn.shopify.com/s/files/1/0165/4439/9424/products/Merry_Xmas_2_1_800x.JPG?v=1569149299,,,,,,
Merry Christmas Boxed Sign,,279,Coro,10,66,,,31,,,Words,Signs,,,,,,https://gilbertengineeringusa.com/,Merry Christmas Boxed.xmodel,https://cdn.shopify.com/s/files/1/0165/4439/9424/products/Merry_Xmas_Boxed_1_800x.jpg?v=1569175292,,,,,,
Mini Spider,,56,Coro,10,15,,,12,,,Misc,Halloween,,,,,,https://gilbertengineeringusa.com/,Mini Spider.xmodel,https://cdn.shopify.com/s/files/1/0165/4439/9424/products/Min-Spider-1_097ae6ab-20dc-4d3b-950f-22020e20b211_800x.jpg?v=1569145640,https://cdn.shopify.com/s/files/1/0165/4439/9424/products/20190930-202023_800x.jpg?v=1569900102,,,,,
MOAW,,640,Coro,10,46,,,46,,,Wreaths,High Density,,,Circle,"Layer Sizes = 64,64,64,64,64,64,64,64,64,64",,https://gilbertengineeringusa.com/,,https://cdn.shopify.com/s/files/1/0165/4439/9424/products/received-810580696127620_25c1acc3-25d3-46af-bf36-fa65a5ac7fb7_800x.png?v=1582086105,https://cdn.shopify.com/s/files/1/0165/4439/9424/products/received-1460470330776058_eb17d592-1c76-493f-8d12-7bdda96a2b6c_800x.png?v=1582086105,https://cdn.shopify.com/s/files/1/0165/4439/9424/products/received-200956104362708_6b8a087b-5295-43e9-b501-35e7ecf0c74f_800x.png?v=1582086105,,,,
Monster Arch,,384,Coro,10,72,,,36,,,Arches,,,,,,,https://gilbertengineeringusa.com/,Monster Arch.xmodel,https://cdn.shopify.com/s/files/1/0165/4439/9424/products/20191110-150328_800x.jpg?v=1573423440,,,,,,
Monster Face 23,1,135,Coro,10,,,,23,,,Faces,Halloween,Singing,,,,,https://gilbertengineeringusa.com/,MonsterFace - 1.xmodel,https://cdn.shopify.com/s/files/1/0165/4439/9424/products/20190526_153941.jpg?v=1558984949,,,,,,
Monster Face 23,2,137,Coro,10,,,,23,,,Faces,Halloween,Singing,,,,,https://gilbertengineeringusa.com/,MonsterFace - 2.xmodel,https://cdn.shopify.com/s/files/1/0165/4439/9424/products/20190526_153944.jpg?v=1558984949,,,,,,
Monster Face 23,3,137,Coro,10,,,,23,,,Faces,Halloween,Singing,,,,,https://gilbertengineeringusa.com/,MonsterFace - 3.xmodel,https://cdn.shopify.com/s/files/1/0165/4439/9424/products/20190526_153948.jpg?v=1558984949,,,,,,
Monster Face 23,4,138,Coro,10,,,,23,,,Faces,Halloween,Singing,,,,,https://gilbertengineeringusa.com/,MonsterFace - 4.xmodel,https://cdn.shopify.com/s/files/1/0165/4439/9424/products/20190526_154000.jpg?v=1558984949,,,,,,
Monster Face 46,1,156,Coro,10,,,,46,,,Faces,Halloween,Singing,,,,,https://gilbertengineeringusa.com/,,https://cdn.shopify.com/s/files/1/0165/4439/9424/products/Monster_Face_1.JPG?v=1557170647,,,,,,
Monster Face 46,2,,Coro,10,,,,46,,,Faces,Halloween,Singing,,,,,https://gilbertengineeringusa.com/,,https://cdn.shopify.com/s/files/1/0165/4439/9424/products/Monster_Face_2_White.JPG?v=1557170647,,,,,,
Monster Face 46,3,,Coro,10,,,,46,,,Faces,Halloween,Singing,,,,,https://gilbertengineeringusa.com/,,,,,,,,
Monster Face 46,4,,Coro,10,,,,46,,,Faces,Halloween,Singing,,,,,https://gilbertengineeringusa.com/,,,,,,,,
Monster Flake 38,,192,Coro,10,38,,,38,,,Flakes,Halloween,,,,,,https://gilbertengineeringusa.com/,,https://cdn.shopify.com/s/files/1/0165/4439/9424/products/20190505_093650.jpg?v=1557170648,,,,,,
Monster Flake 7.5 Ft,,978,Coro,10,90,,,90,,,Flakes,,,,,,,https://gilbertengineeringusa.com/,Monster Flake 7.5ft.xmodel,https://cdn.shopify.com/s/files/1/0165/4439/9424/products/FB-IMG-1574865801645_800x.jpg?v=1583520975,https://cdn.shopify.com/s/files/1/0165/4439/9424/products/20190504_123640_24f25406-0269-47eb-bc3d-c029d4f62474_800x.jpg?v=1583520975,,,,,
Monster Wreath,,768,Coro,10,72,,,72,,,Wreaths,,,,Circle,"Layer Sizes = 64,64,64,64,64,64,64,64,64,64,64,64",,https://gilbertengineeringusa.com/,,https://cdn.shopify.com/s/files/1/0165/4439/9424/products/Mega_MOAW_800x.jpg?v=1573423159,https://cdn.shopify.com/s/files/1/0165/4439/9424/products/Monster_Wreath_800x.jpg?v=1573423159,,,,,
Mother of all Webs,,720,Coro,10,96,,,96,,,Misc,Halloween,,,,,,https://gilbertengineeringusa.com/,Mother of all Webs.xmodel,https://cdn.shopify.com/s/files/1/0165/4439/9424/products/20180812_164505-1_800x.jpg?v=1569145639,https://cdn.shopify.com/s/files/1/0165/4439/9424/products/20180812_164432-1_800x.jpg?v=1569145639,,,,,
Noel,,227,Coro,10,,,,30,,,Words,,,,,,,https://gilbertengineeringusa.com/,,https://cdn.shopify.com/s/files/1/0165/4439/9424/products/Noel_1_800x.JPG?v=1569149321,https://cdn.shopify.com/s/files/1/0165/4439/9424/products/20190511-191524_800x.jpg?v=1569160613,,,,,
North Pole Sign,,504,Coro,10,,,,34,,,Words,Santa,,,,,,https://gilbertengineeringusa.com/,,https://cdn.shopify.com/s/files/1/0165/4439/9424/products/North_Pole_Sign.jpg?v=1579548148,,,,,,
North Pole sign with Matrix,,299,Coro,10,,,,96,,,Signs,Santa,,,,,,https://gilbertengineeringusa.com/,North Pole Sign with Matrix.xmodel,https://cdn.shopify.com/s/files/1/0165/4439/9424/products/North_Pole_9c0094c3-28f8-4220-afda-dcfeb69e6216_383x.JPG?v=1569161513,https://cdn.shopify.com/s/files/1/0165/4439/9424/products/20190914-140239_800x.jpg?v=1569177018,,,,,
Nutcracker,,208,Coro,10,19,24,,46,84,,Figures,,,,,,,https://gilbertengineeringusa.com/,Nutcracker.xmodel,https://cdn.shopify.com/s/files/1/0165/4439/9424/products/20180819_215759-1-e1534784781847_800x.jpg?v=1569145639,,,,,,
Ornament,A,119,Coro,10,,,,30,49,,Ornaments,,,,,,,https://gilbertengineeringusa.com/,Ornament - A.xmodel,https://cdn.shopify.com/s/files/1/0165/4439/9424/products/20190217_121843_800x.jpg?v=1569148839,,,,,,
Ornament,B,165,Coro,10,,,,30,49,,Ornaments,,,,,,,https://gilbertengineeringusa.com/,Ornament - B.xmodel,https://cdn.shopify.com/s/files/1/0165/4439/9424/products/20191005-141736_800x.jpg?v=1570310392,,,,,,
Ornament,C,195,Coro,10,,,,30,49,,Ornaments,,,,,,,https://gilbertengineeringusa.com/,Ornament - C.xmodel,https://cdn.shopify.com/s/files/1/0165/4439/9424/products/Ornament_C_Matrix_165_800x.JPG?v=1569162647,,,,,,
Ornament,D,129,Coro,10,,,,30,49,,Ornaments,,,,,,,https://gilbertengineeringusa.com/,,https://cdn.shopify.com/s/files/1/0165/4439/9424/products/Ornament_D_Stars_800x.JPG?v=1569162647,,,,,,
Ornament,E,169,Coro,10,,,,30,49,,Ornaments,,,,,,,https://gilbertengineeringusa.com/,Ornament - E.xmodel,https://cdn.shopify.com/s/files/1/0165/4439/9424/products/Ornament_E_169_400x.JPG?v=1569162653,,,,,,
Ornament,F,109,Coro,10,,,,30,49,,Ornaments,,,,,,,https://gilbertengineeringusa.com/,Ornament - F.xmodel,https://cdn.shopify.com/s/files/1/0165/4439/9424/products/Ornament_F_109_400x.JPG?v=1569162653,,,,,,
Passenger Car,Merry Christmas,837,Coro,10,96,,,48,,,Train,,,,,,,https://gilbertengineeringusa.com/,Passenger Car - Merry Christmas.xmodel,https://cdn.shopify.com/s/files/1/0165/4439/9424/products/20200215-075359_bb742c1c-942b-4b37-b94e-d3c2beb4d18b_800x.jpg?v=1581991295,https://cdn.shopify.com/s/files/1/0165/4439/9424/products/received-692403548165915_800x.jpg?v=1581991296,,,,,
Passenger Car,Matrix,1175,Coro,10,96,,,48,,,Train,,,,,,,https://gilbertengineeringusa.com/,Passenger Car - Matrix.xmodel,,,,,,,
Passenger Car,Plain,635,Coro,10,96,,,48,,,Train,,,,,,,https://gilbertengineeringusa.com/,Passenger Car - Plain.xmodel,https://cdn.shopify.com/s/files/1/0165/4439/9424/products/received-180151373096183_458ab20a-23e6-4eba-93d7-57c4d4677b57_800x.png?v=1581991295,,,,,,
Pixel Fairy,,124,Coro,10,,,,42,,,Figures,Magical,,,,,,https://gilbertengineeringusa.com/,Pixel Fairy.xmodel,https://cdn.shopify.com/s/files/1/0165/4439/9424/products/926183.jpg?v=1582572160,,,,,,
Poinsettia,,201,Coro,10,33,,,54,,,Misc,,,,,,,https://gilbertengineeringusa.com/,,https://cdn.shopify.com/s/files/1/0165/4439/9424/products/received-2255980138038312_800x.png?v=1582069524,https://cdn.shopify.com/s/files/1/0165/4439/9424/products/Poinsettia_311x.jpg?v=1580360415,,,,,
Poinsettia,1 Candle,261,Coro,10,33,,,54,,,Misc,Candles,,,,,,https://gilbertengineeringusa.com/,,https://cdn.shopify.com/s/files/1/0165/4439/9424/products/received-119785525994254_800x.png?v=1580357907,,,,,,
Poinsettia,3 Candles,614,Coro,10,48,,,64.5,,,Misc,Candles,,,,,,https://gilbertengineeringusa.com/,Poinsettia - 3 Candles.xmodel,https://cdn.shopify.com/s/files/1/0165/4439/9424/products/received-906565876446922_800x.png?v=1582069524,https://cdn.shopify.com/s/files/1/0165/4439/9424/products/received-565711283981511_800x.png?v=1580357907,,,,,
Police Shield,,177,Coro,10,36,48,,36,48,,Symbols,First Responder and Military,,,,,,https://gilbertengineeringusa.com/,,https://cdn.shopify.com/s/files/1/0165/4439/9424/products/received-758844001273365.png?v=1581362525,,,,,,
Present A,28,123,Coro,10,,,,28,,,Presents,,,,,,,https://gilbertengineeringusa.com/,Present A - 28.xmodel,https://cdn.shopify.com/s/files/1/0165/4439/9424/products/present_a_1.JPG?v=1563387409,,,,,,
Present A,36,123,Coro,10,,,,36,,,Presents,,,,,,,https://gilbertengineeringusa.com/,Present A - 36-48.xmodel,https://cdn.shopify.com/s/files/1/0165/4439/9424/products/received-1381207895361648.jpg?v=1563823298,,,,,,
Present A,48,123,Coro,10,,,,48,,,Presents,,,,,,,https://gilbertengineeringusa.com/,Present A - 36-48.xmodel,https://cdn.shopify.com/s/files/1/0165/4439/9424/products/received-1381207895361648.jpg?v=1563823298,,,,,,
PRIEMium Cube,16”,900,Coro,10,16,,,16,,,Presents,3-D,High Density,,,,,https://gilbertengineeringusa.com/,Priemium Cube - 900.xmodel,https://cdn.shopify.com/s/files/1/0165/4439/9424/products/20200315_100134_800x.jpg?v=1584292466,https://cdn.shopify.com/s/files/1/0165/4439/9424/products/IMG_20200315_145940_770_800x.jpg?v=1584309762,https://cdn.shopify.com/s/files/1/0165/4439/9424/products/IMG_20200315_114831_713_800x.jpg?v=1584309762,,,,
PRIEMium Cube,16” w Back,1125,Coro,10,16,,,16,,,Presents,3-D,High Density,,,,,https://gilbertengineeringusa.com/,,https://cdn.shopify.com/s/files/1/0165/4439/9424/products/20200315_100134_800x.jpg?v=1584292466,https://cdn.shopify.com/s/files/1/0165/4439/9424/products/IMG_20200315_145940_770_800x.jpg?v=1584309762,https://cdn.shopify.com/s/files/1/0165/4439/9424/products/IMG_20200315_114831_713_800x.jpg?v=1584309762,,,,
PRIEMium Cube,26”,2500,Coro,10,26,,,26,,,Presents,3-D,High Density,,,,,https://gilbertengineeringusa.com/,Priemium Cube - 2500.xmodel,https://cdn.shopify.com/s/files/1/0165/4439/9424/products/20200315_100659_800x.jpg?v=1584292466,https://cdn.shopify.com/s/files/1/0165/4439/9424/products/IMG_20200315_145940_770_800x.jpg?v=1584309762,https://cdn.shopify.com/s/files/1/0165/4439/9424/products/IMG_20200315_114831_713_800x.jpg?v=1584309762,,,,
PRIEMium Cube,26” w Back,3126,Coro,10,26,,,26,,,Presents,3-D,High Density,,,,,https://gilbertengineeringusa.com/,,https://cdn.shopify.com/s/files/1/0165/4439/9424/products/20200315_100659_800x.jpg?v=1584292466,https://cdn.shopify.com/s/files/1/0165/4439/9424/products/IMG_20200315_145940_770_800x.jpg?v=1584309762,https://cdn.shopify.com/s/files/1/0165/4439/9424/products/IMG_20200315_114831_713_800x.jpg?v=1584309762,,,,
Reaper,,126,Coro,10,,,,43,,,Figures,Halloween,,,,,,https://gilbertengineeringusa.com/,Reaper.xmodel,https://cdn.shopify.com/s/files/1/0165/4439/9424/products/r1.jpg?v=1566964154,,,,,,
Reindeer,,116,Coro,10,,,,,,,Figures,Santa,,,,,,https://gilbertengineeringusa.com/,Reindeer.xmodel,https://cdn.shopify.com/s/files/1/0165/4439/9424/products/Reindeer-1_800x.jpg?v=1569145640,,,,,,
Reindeer,Rudolf,117,Coro,10,,,,,,,Figures,Santa,,,,,,https://gilbertengineeringusa.com/,Reindeer - Rudolf.xmodel,https://cdn.shopify.com/s/files/1/0165/4439/9424/products/Deer-Rudolf-1_800x.jpg?v=1569145640,,,,,,
Rosa Wreath,,696,Coro,10,47,,,47,,,Wreaths,,,,,,,https://gilbertengineeringusa.com/,Rosa Wreath.xmodel,https://cdn.shopify.com/s/files/1/0165/4439/9424/products/20190216-002244.jpg?v=1579548152,,,,,,
RR Crossing Gate,,443,Coro,10,60,,,96,,,Train,Signs,,,,,,https://gilbertengineeringusa.com/,RR Crossing Gate.xmodel,https://cdn.shopify.com/s/files/1/0165/4439/9424/products/RR.JPG?v=1560194500,,,,,,
Rudolph Face,,300,Coro,10,,,,44,,,Faces,Santa,Singing,,,,,https://gilbertengineeringusa.com/,Rudolf Face.xmodel,https://cdn.shopify.com/s/files/1/0165/4439/9424/products/20191106-205325.jpg?v=1579548153,https://cdn.shopify.com/s/files/1/0165/4439/9424/products/20190824-104409_800x.jpg?v=1569173280,,,,,
Saguaro Cactus,,100,Coro,10,30,,,48,,,Misc,,,,,,,https://gilbertengineeringusa.com/,Saguaro Cactus.xmodel,https://cdn.shopify.com/s/files/1/0165/4439/9424/products/20180811_121610-1.jpg?v=1550872077,,,,,,
Santa Face,Singing,194,Coro,10,,,,46,,,Faces,Santa,Singing,,,,,https://gilbertengineeringusa.com/,Santa Face - Singing.xmodel,https://cdn.shopify.com/s/files/1/0165/4439/9424/products/20200217-221631_800x.jpg?v=1582003100,https://cdn.shopify.com/s/files/1/0165/4439/9424/products/Sanra_Singing_Face_ea877220-636c-4625-a543-28e8b811f76c_800x.jpg?v=1582003100,,,,,
Santa Face,Non Singing,290,Coro,10,,,,46,,,Faces,Santa,,,,,,https://gilbertengineeringusa.com/,Santa Face - Non Singing.xmodel,https://cdn.shopify.com/s/files/1/0165/4439/9424/products/Santa_d41055a0-fc8f-4c1c-be3c-b2ddde460742_800x.jpg?v=1582003100,,,,,,
Santa Sleigh,1,92,Coro,10,48,,,14,,,Santa,Misc,,,,,,https://gilbertengineeringusa.com/,Santa Sleigh - 1.xmodel,https://cdn.shopify.com/s/files/1/0165/4439/9424/products/Sleigh1-1_800x.jpg?v=1569145640,,,,,,
Santa Sleigh,2,193,Coro,10,48,,,,,,Santa,Misc,,,,,,https://gilbertengineeringusa.com/,Santa Sleigh - 2.xmodel,https://cdn.shopify.com/s/files/1/0165/4439/9424/products/926188_800x.jpg?v=1569145640,,,,,,
Santa Sleigh,1 w Santa,110,Coro,10,48,,,20,,,Santa,Misc,,,,,,https://gilbertengineeringusa.com/,Santa Sleigh - 1 w Santa.xmodel,https://cdn.shopify.com/s/files/1/0165/4439/9424/products/sleigh1-with-santa-1_800x.jpg?v=1569145640,,,,,,
Service Flag,Single Star,152,Coro,10,24,,,46,,,Signs,Stars,First Responder and Military,,,,,https://gilbertengineeringusa.com/,,https://cdn.shopify.com/s/files/1/0165/4439/9424/products/20180811_180932-1_800x.jpg?v=1569145639,,,,,,
Service Flag,Double Star,182,Coro,10,24,,,46,,,Signs,Stars,First Responder and Military,,,,,https://gilbertengineeringusa.com/,,https://cdn.shopify.com/s/files/1/0165/4439/9424/products/Service-Flag-2-Star-1-Copy_363x.jpg?v=1569145639,,,,,,
Service Flag,Triple Star,212,Coro,10,24,,,46,,,Signs,Stars,First Responder and Military,,,,,https://gilbertengineeringusa.com/,,https://cdn.shopify.com/s/files/1/0165/4439/9424/products/Service-Flag-3-Star-1-Copy_400x.jpg?v=1569145639,,,,,,
Shark Fins - Fins Up,24”,,Coro,10,,,,24,,,Misc,,,,,,,https://gilbertengineeringusa.com/,,https://cdn.shopify.com/s/files/1/0165/4439/9424/products/20191123-163001.jpg?v=1580757763,,,,,,
Shark Fins - Fins Up,"39"" with Matrix",,Coro,10,,,,39,,,Misc,,,,,,,https://gilbertengineeringusa.com/,,,,,,,,
Shark Fins - Fins Up,"39"" without Matrix",,Coro,10,,,,39,,,Misc,,,,,,,https://gilbertengineeringusa.com/,,https://cdn.shopify.com/s/files/1/0165/4439/9424/products/20191123-162919.jpg?v=1580757763,,,,,,
Shooting Star,,132,Coro,10,63,,,25,,,Stars,,,,,,,https://gilbertengineeringusa.com/,,https://cdn.shopify.com/s/files/1/0165/4439/9424/products/Shooting_Star_132_800x.JPG?v=1569173538,,,,,,
Shooting Star Bouquet,,251,Coro,10,,,,48,,,Stars,,,,,,,https://gilbertengineeringusa.com/,Shooting Star Bouquet.xmodel,https://cdn.shopify.com/s/files/1/0165/4439/9424/products/20190914-140727.jpg?v=1584554426,,,,,,
Singing Bulb,Hanging,150,Coro,10,,,,30,46,,Faces,Singing,,,,,,https://gilbertengineeringusa.com/,Singing Bulb - Hanging.xmodel,https://cdn.shopify.com/s/files/1/0165/4439/9424/products/Singing_Light_Bulb_46_Inch.jpg?v=1570476144,,,,,,
Singing Bulb,Upright,150,Coro,10,,,,30,46,,Faces,Singing,,,,,,https://gilbertengineeringusa.com/,Singing Bulb - Upright.xmodel,https://cdn.shopify.com/s/files/1/0165/4439/9424/products/Singing_Light_Bulb_30_Inch.jpg?v=1570476144,,,,,,
Singing Pixel,32”,139,Coro,10,,,,32,,,Faces,Singing,,,,,,https://gilbertengineeringusa.com/,Singing Pixel - 32.xmodel,https://cdn.shopify.com/s/files/1/0165/4439/9424/products/20200110-082508_7f88835e-b3d8-44ba-9e67-0a54211fc8a7.jpg?v=1582425520,,,,,,
Singing Pixel,47”,143,Coro,10,,,,47,,,Faces,,,,,,,https://gilbertengineeringusa.com/,Singing Pixel - 47.xmodel,https://cdn.shopify.com/s/files/1/0165/4439/9424/products/20200222-192549.jpg?v=1582572161,,,,,,
Singing Pumpkin,,167,Coro,10,,,,36,,,Faces,Halloween,Singing,,,,,https://gilbertengineeringusa.com/,Singing Pumpkin.xmodel,https://cdn.shopify.com/s/files/1/0165/4439/9424/products/Pumpkin_Jo_36_800x.JPG?v=1569173216,,,,,,
Singing Star,Filled,385,Coro,10,47.5,,,45,,,Faces,Stars,Singing,,,,,https://gilbertengineeringusa.com/,,https://cdn.shopify.com/s/files/1/0165/4439/9424/products/received-620284712060658_800x.jpg?v=1577247975,https://cdn.shopify.com/s/files/1/0165/4439/9424/products/received-626410304769710_800x.png?v=1577247761,,,,,
Singing Star,Unfilled,245,Coro,10,47.5,,,45,,,Faces,Stars,Singing,,,,,https://gilbertengineeringusa.com/,,https://cdn.shopify.com/s/files/1/0165/4439/9424/products/received-1981287765349737_800x.jpg?v=1577247975,https://cdn.shopify.com/s/files/1/0165/4439/9424/products/20191224-212156_800x.jpg?v=1577247761,,,,,
Singing Xmas Tree,,217,Coro,10,,,,47,,,Faces,Trees,Singing,,,,,https://gilbertengineeringusa.com/,Singing Xmas Tree.xmodel,https://cdn.shopify.com/s/files/1/0165/4439/9424/products/20200114-143516_504fb379-4dcd-43ec-acb7-9f4bcf3c0f4e_800x.jpg?v=1579315970,https://cdn.shopify.com/s/files/1/0165/4439/9424/products/20200114-143743_29c1dd76-1613-42aa-b0ea-cd846c71fe3d_800x.jpg?v=1579315970,https://cdn.shopify.com/s/files/1/0165/4439/9424/products/20200114-143705_eaeb968c-bc7b-4f7b-9d73-c595a400305a_800x.jpg?v=1579315970,https://cdn.shopify.com/s/files/1/0165/4439/9424/products/20190217_124637_6135bb90-7937-41d2-8588-243ea3e81d3e_800x.jpg?v=1579315970,,,
Singing Xmas Tree Boxed,,239,Coro,10,46,,,46,,,Faces,Trees,Singing,,,,,https://gilbertengineeringusa.com/,Singing Xmas Tree - Boxed.xmodel,https://cdn.shopify.com/s/files/1/0165/4439/9424/products/Singing_tree_boxed_46_inch_800x.JPG?v=1569172565,,,,,,
Snowman,No Matrix No Spinner,,Coro,,40,,,48,,,Figures,,,,,,,https://gilbertengineeringusa.com/,GE Snowman - No Matrix No Spinner.xmodel,https://cdn.shopify.com/s/files/1/0165/4439/9424/products/Snowmannomatrixnospinner_1_800x.JPG?v=1569146319,,,,,,
Snowman,Matrix No Spinner,,Coro,10,40,,,48,,,Figures,,,,,,,https://gilbertengineeringusa.com/,,https://cdn.shopify.com/s/files/1/0165/4439/9424/products/SnowmanMatrixnoSpinner_1_800x.JPG?v=1569146319,,,,,,
Snowman,Spinner No Matrix,,Coro,10,40,,,48,,,Figures,,,,,,,https://gilbertengineeringusa.com/,GE Snowman - Spinner No Matrix.xmodel,https://cdn.shopify.com/s/files/1/0165/4439/9424/products/SnowmanSpinnernoMatrix_1_800x.JPG?v=1569146319,,,,,,
Snowman,With Matrix and Spinner,370,Coro,10,40,,,48,,,Figures,,,,,,,https://gilbertengineeringusa.com/,Snowman - With Matrix and Spinner.xmodel,,,,,,,
Speech Bubble Matrix,A,250,,,23,,,,,,Misc,,,,,,,https://gilbertengineeringusa.com/,Speech Bubble Matrix - A.xmodel,,,,,,,
Speech Bubble Matrix,B,250,,,23,,,,,,Misc,,,,,,,https://gilbertengineeringusa.com/,,,,,,,,
Spider in Web,Small Coro,174,Coro,10,29,,,30,,,Spinners,Halloween,,,,,,https://gilbertengineeringusa.com/,Spider in Web.xmodel,https://cdn.shopify.com/s/files/1/0165/4439/9424/products/SpiderinWebRevB-1_800x.jpg?v=1569145639,https://cdn.shopify.com/s/files/1/0165/4439/9424/products/20180715_102609-e1531760256241_800x.jpg?v=1569145639,,,,,
Spider in Web,Large HDPE,174,HDPE,0,44,,,46,,,Spinners,,,,,,,https://gilbertengineeringusa.com/,Spider in Web.xmodel,https://cdn.shopify.com/s/files/1/0165/4439/9424/products/SpiderinWebRevB-1_800x.jpg?v=1569145639,https://cdn.shopify.com/s/files/1/0165/4439/9424/products/20190927-215301_800x.jpg?v=1569649981,,,,,
Spin Reel,46,344,Coro,10,46,,,46,,,Spinners,,,,,,,https://gilbertengineeringusa.com/,,https://cdn.shopify.com/s/files/1/0165/4439/9424/products/Sick_Reel_1_800x.JPG?v=1569149150,https://cdn.shopify.com/s/files/1/0165/4439/9424/products/Imperfect_spin_reel_36-2_cec0e446-3f3e-487f-8b28-52307bce6221_400x.jpg?v=1569173691,,,,,
Spin Reel,36,330,Coro,10,36,,,36,,,Spinners,,,,,,,https://gilbertengineeringusa.com/,Spin Reel - 36.xmodel,https://cdn.shopify.com/s/files/1/0165/4439/9424/products/Spin_Reel_36.JPG?v=1566919604,,,,,,
Spin Reel Max,,540,Coro,10,46,,,46,,,Spinners,,,,,,,https://gilbertengineeringusa.com/,Spin Reel Max.xmodel,https://cdn.shopify.com/s/files/1/0165/4439/9424/products/Spin_Reel_Max_800x.JPG?v=1569156852,https://cdn.shopify.com/s/files/1/0165/4439/9424/products/20190511-185409_800x.jpg?v=1569160613,,,,,
Spinner,9*,25,,,9,,,9,,,Spinners,,,,,,,https://gilbertengineeringusa.com/,,https://cdn.shopify.com/s/files/1/0165/4439/9424/products/Rainbow_Swirl_355x.png?v=1576646315,https://cdn.shopify.com/s/files/1/0165/4439/9424/products/Red-Green-White_Swirl_60x.png?v=1576646294,,,,,
Spinner,14”,85,,,14,,,14,,,Spinners,,,,,,,https://gilbertengineeringusa.com/,Spinner 85.xmodel,https://cdn.shopify.com/s/files/1/0165/4439/9424/products/20200417_151913_800x.jpg?v=1587162130,,,,,,
Spinner,20”,85,,,20,,,20,,,Spinners,,,,,,,https://gilbertengineeringusa.com/,Spinner 85.xmodel,https://cdn.shopify.com/s/files/1/0165/4439/9424/products/Rainbow_Swirl_355x.png?v=1576646315,https://cdn.shopify.com/s/files/1/0165/4439/9424/products/Red-Green-White_Swirl_60x.png?v=1576646294,https://cdn.shopify.com/s/files/1/0165/4439/9424/products/20200118-182319_fc5547eb-8c4d-4772-a101-58dfb47e0a36_60x.jpg?v=1580957582,https://cdn.shopify.com/s/files/1/0165/4439/9424/products/20200118-182251_f9743ac1-8751-4a06-a979-fe23cbf21f78_800x.jpg?v=1580957582,,,
Spinner,24”,85,,,24,,,24,,,Spinners,,,,,,,https://gilbertengineeringusa.com/,Spinner 85.xmodel,https://cdn.shopify.com/s/files/1/0165/4439/9424/products/Rainbow_Swirl_355x.png?v=1576646315,https://cdn.shopify.com/s/files/1/0165/4439/9424/products/Red-Green-White_Swirl_60x.png?v=1576646294,https://cdn.shopify.com/s/files/1/0165/4439/9424/products/20200118-182319_fc5547eb-8c4d-4772-a101-58dfb47e0a36_60x.jpg?v=1580957582,https://cdn.shopify.com/s/files/1/0165/4439/9424/products/20200118-182251_f9743ac1-8751-4a06-a979-fe23cbf21f78_800x.jpg?v=1580957582,,,
Spinner,32”,262,,,32,,,32,,,Spinners,,,,,,,https://gilbertengineeringusa.com/,Spinner - 262.xmodel,https://cdn.shopify.com/s/files/1/0165/4439/9424/products/Rainbow_Swirl_355x.png?v=1576646315,https://cdn.shopify.com/s/files/1/0165/4439/9424/products/Red-Green-White_Swirl_60x.png?v=1576646294,https://cdn.shopify.com/s/files/1/0165/4439/9424/products/20191009-154758_800x.jpg?v=1570661360,,,,
Spinner,47”,272,,,47,,,47,,,Spinners,,,,,,,https://gilbertengineeringusa.com/,Spinner - 277.xmodel,https://cdn.shopify.com/s/files/1/0165/4439/9424/products/Rainbow_Swirl_355x.png?v=1576646315,https://cdn.shopify.com/s/files/1/0165/4439/9424/products/Red-Green-White_Swirl_60x.png?v=1576646294,https://cdn.shopify.com/s/files/1/0165/4439/9424/products/71092894_682894565542289_6130242963730595840_n_291x.jpg?v=1569890983,,,,
Spooky Tree,A,283,Coro,10,102,,,120,,,Trees,Halloween,,,,,,https://gilbertengineeringusa.com/,,https://cdn.shopify.com/s/files/1/0165/4439/9424/products/Spooky_Tree_A_283_800x.JPG?v=1569149387,,,,,,
Spooky Tree,B,350,Coro,10,102,,,120,,,Trees,Halloween,Singing,,,,,https://gilbertengineeringusa.com/,Spooky Tree - B.xmodel,https://cdn.shopify.com/s/files/1/0165/4439/9424/products/Spooky_Tree_Face_B_350_800x.JPG?v=1569149387,,,,,,
Spooky Tree,C,394,Coro,10,102,,,120,,,Trees,Halloween,Singing,,,,,https://gilbertengineeringusa.com/,Spooky Tree - C.xmodel,https://cdn.shopify.com/s/files/1/0165/4439/9424/products/Spooky_Tree_2019_C_800x.JPG?v=1569149460,,,,,,
St. Patricks Day Shamrock (24 Inch),,50,Coro,10,23.5,,,,,,St Patrick’s Day,Signs,,,,,,https://gilbertengineeringusa.com/,Shamrock 24.xmodel,https://cdn.shopify.com/s/files/1/0165/4439/9424/products/20190211-214812.jpg?v=1550872130,,,,,,
St. Patricks Day Shamrock (47 Inch),No Matrix,136,Coro,10,47,,,,,,St Patrick’s Day,Signs,,,,,,https://gilbertengineeringusa.com/,Shamrock 47 - No Matrix.xmodel,https://cdn.shopify.com/s/files/1/0165/4439/9424/products/20190211-212311.jpg?v=1550872131,,,,,,
St. Patricks Day Shamrock (47 Inch),Matrix,336,Coro,10,47,,,,,,St Patrick’s Day,Signs,,,,,,https://gilbertengineeringusa.com/,Shamrock 47 - Matrix.xmodel,https://cdn.shopify.com/s/files/1/0165/4439/9424/products/20190212-190704.jpg?v=1550872131,,,,,,
Star Cross,,155,Coro,10,32,,,48,,,Stars,,,,,,,https://gilbertengineeringusa.com/,Star Cross.xmodel,https://cdn.shopify.com/s/files/1/0165/4439/9424/products/Star_Cross_261x.JPG?v=1569164903,https://cdn.shopify.com/s/files/1/0165/4439/9424/products/20190625_190947_800x.jpg?v=1569164903,,,,,
Star of Life,EMS,397,Coro,10,,,,46,,,Symbols,Signs,First Responder and Military,,,,,https://gilbertengineeringusa.com/,,https://cdn.shopify.com/s/files/1/0165/4439/9424/products/20200326_111154_800x.jpg?v=1585247185,,,,,,
Star of Life,Staff/Serpent,481,Coro,10,,,,46,,,Symbols,Signs,First Responder and Military,,,,,https://gilbertengineeringusa.com/,Star of Life - Staff-Serpent.xmodel,https://cdn.shopify.com/s/files/1/0165/4439/9424/products/20200326_111211_800x.jpg?v=1585247185,,,,,,
Starburst,Filled,296,Coro,10,,,,36,60,,Stars,,,,,,,https://gilbertengineeringusa.com/,StarBurst - Filled.xmodel,https://cdn.shopify.com/s/files/1/0165/4439/9424/products/StarBurst_xTreme_48_288x.jpg?v=1569176712,,,,,,
Starburst,Unfilled,177,Coro,10,,,,36,60,,Stars,,,,,,,https://gilbertengineeringusa.com/,,https://cdn.shopify.com/s/files/1/0165/4439/9424/products/Starburst_Outline_400x.jpg?v=1569170217,,,,,,
Starlord,,496,Coro,10,46,,,46,,,Flakes,Halloween,,,,,,https://gilbertengineeringusa.com/,Starlord.xmodel,https://cdn.shopify.com/s/files/1/0165/4439/9424/products/20200314_140837.jpg?v=1584386602,,,,,,
State Love,TX,134,Coro,10,46,,,45,,,Misc,Signs,,,,,,https://gilbertengineeringusa.com/,,https://cdn.shopify.com/s/files/1/0165/4439/9424/products/20190720-182657.jpg?v=1579548160,,,,,,
State Love,AZ,,Coro,10,,,,,,,Misc,Signs,,,,,,https://gilbertengineeringusa.com/,,,,,,,,
Steam Locomotive,,700,Coro,10,81.6,,,48,,,Train,,,,,,,https://gilbertengineeringusa.com/,Steam Locomotive.xmodel,https://cdn.shopify.com/s/files/1/0165/4439/9424/products/received-2478519572411620_9cdf8050-9ee3-4943-8868-8c38091f03da_800x.png?v=1579726523,https://cdn.shopify.com/s/files/1/0165/4439/9424/products/20200102-171603_800x.jpg?v=1578010665,,,,,
Steampunk Spinner,,470,Coro,10,46,,,46,,,Spinners,High Density,,,,,,https://gilbertengineeringusa.com/,Steampunk Spinner.xmodel,https://cdn.shopify.com/s/files/1/0165/4439/9424/products/received-169262664296911_b83ce780-cede-4cc6-b477-0599cae9a74d_800x.png?v=1583184003,https://cdn.shopify.com/s/files/1/0165/4439/9424/products/received-2587951114752252_04ac35c7-73f0-47ef-a8a9-c2369ebf494b_800x.png?v=1583184003,https://cdn.shopify.com/s/files/1/0165/4439/9424/products/received_210276003616116_800x.png?v=1585599949,https://cdn.shopify.com/s/files/1/0165/4439/9424/products/received_1214508085423689_800x.png?v=1585599941,https://cdn.shopify.com/s/files/1/0165/4439/9424/products/received_2481520628778258_800x.png?v=1585599940,https://cdn.shopify.com/s/files/1/0165/4439/9424/products/received_681400929275678_800x.png?v=1585599941,https://cdn.shopify.com/s/files/1/0165/4439/9424/products/received_149547283079247_800x.png?v=1585599940
Sunset Arch,,250,Coro,10,96,,,,,,Arches,,,,,,,https://gilbertengineeringusa.com/,Sunset Arch.xmodel,https://cdn.shopify.com/s/files/1/0165/4439/9424/products/20190817-121038.jpg?v=1566250529,,,,,,
Thank You Sign,,160,Coro,10,55,,,24,,,Signs,Words,First Responder and Military,,,,,https://gilbertengineeringusa.com/,Thank You.xmodel,https://cdn.shopify.com/s/files/1/0165/4439/9424/products/91327882_528509667813347_6316166458682376192_n_2_400x.png?v=1585859794,https://cdn.shopify.com/s/files/1/0165/4439/9424/products/20200402_125842_800x.jpg?v=1585859858,,,,,
The Boo's Brothers,Big Boo,100,Coro,10,,,,46,,,Figures,,,,,,,https://gilbertengineeringusa.com/,Boo's Brothers - Non Singing.xmodel,https://cdn.shopify.com/s/files/1/0165/4439/9424/products/Ghost_B_100_node_400x.jpg?v=1569885298,,,,,,
The Boo's Brothers,Big Boo Singing,171,Coro,10,,,,46,,,Figures,,,,,,,https://gilbertengineeringusa.com/,Boo's Brothers - Big Boo Singing.xmodel,https://cdn.shopify.com/s/files/1/0165/4439/9424/products/Big_Boo_Sings_324x.jpg?v=1569903698,,,,,,
The Boo's Brothers,Lil Boo,100,Coro,10,,,,23,,,Figures,Halloween,,,,,,https://gilbertengineeringusa.com/,Boo's Brothers - Non Singing.xmodel,https://cdn.shopify.com/s/files/1/0165/4439/9424/products/Ghost_Big_Boo_100_node_374x.jpg?v=1569885298,,,,,,
The Jolly Roger Pirate Ship,Crows Nest,250,HDPE,0,24,,,120,,,Halloween,Misc,,,,,,https://gilbertengineeringusa.com/,,https://cdn.shopify.com/s/files/1/0165/4439/9424/products/Jolly_Roger_Ship_800x.JPG?v=1569164965,https://cdn.shopify.com/s/files/1/0165/4439/9424/products/Jolly_Roger_Black_800x.JPG?v=1569164965,https://cdn.shopify.com/s/files/1/0165/4439/9424/products/JR_Back_800x.jpg?v=1569167058,,,,
The Jolly Roger Pirate Ship,Sail,293,,,72,,,,,,Halloween,Misc,,,,,,https://gilbertengineeringusa.com/,,,,,,,,
The Jolly Roger Pirate Ship,Hull,163,,,48,,,,,,Halloween,Misc,,,,,,https://gilbertengineeringusa.com/,,,,,,,,
The Jolly Roger Pirate Ship,Waves,100,,,90,,,,,,Halloween,Misc,,,,,,https://gilbertengineeringusa.com/,,,,,,,,
The Mean One,Non Talking,257,Coro,10,,,,72,,,Figures,,,,,,,https://gilbertengineeringusa.com/,Mean One - Non Talking.xmodel,https://cdn.shopify.com/s/files/1/0165/4439/9424/products/Grinch-Non-Sing-257.JPG?v=1563632445,,,,,,
The Mean One,Talking,272,Coro,10,,,,72,,,Figures,,,,,,,https://gilbertengineeringusa.com/,Mean One - Talking.xmodel,https://cdn.shopify.com/s/files/1/0165/4439/9424/products/Grinch-Singing-272.JPG?v=1563632445,,,,,,
Tombstone,With Matrix and Skull,375,Coro,10,,,,36,,,Misc,Halloween,,,,,,https://gilbertengineeringusa.com/,Tombstone - With Matrix and Skull.xmodel,https://cdn.shopify.com/s/files/1/0165/4439/9424/products/Tombstone2-1.jpg?v=1568496704,,,,,,
Tombstone,Without Matrix,175,Coro,10,,,,36,,,Misc,Halloween,,,,,,https://gilbertengineeringusa.com/,Tombstone - Without Matrix.xmodel,https://cdn.shopify.com/s/files/1/0165/4439/9424/products/20180820_203413-2-e1534822887948.jpg?v=1568496704,,,,,,
Tombstone,Without Skull,315,Coro,10,,,,36,,,Misc,Halloween,,,,,,https://gilbertengineeringusa.com/,,https://cdn.shopify.com/s/files/1/0165/4439/9424/products/TombstoneMatrix-1.jpg?v=1568496704,,,,,,
Tombstone,RIP,151,Coro,10,,,,36,,,Misc,Halloween,,,,,,https://gilbertengineeringusa.com/,Tombstone - RIP.xmodel,https://cdn.shopify.com/s/files/1/0165/4439/9424/products/Tombstone_RIP.jpg?v=1568496704,,,,,,
Torah A,,296,Coro,10,27,,,44,,,Misc,Halloween,,,,,,https://gilbertengineeringusa.com/,,https://cdn.shopify.com/s/files/1/0165/4439/9424/products/Torah_1.JPG?v=1550872134,,,,,,
Triune Tomb,,730,Coro,10,32,,,46,,,Misc,Halloween,,,,,,https://gilbertengineeringusa.com/,Triune Tomb.xmodel,https://cdn.shopify.com/s/files/1/0165/4439/9424/products/20200221-091539_25dccb3b-70c2-4b0b-b268-dd3fd14e0793.jpg?v=1582572162,,,,,,
Warm Hugs Snowman,,139,Coro,10,,,,37,,,Figures,Magical,,,,,,https://gilbertengineeringusa.com/,Warm Hugs Snowman.xmodel,https://cdn.shopify.com/s/files/1/0165/4439/9424/products/20181106_183721-1.jpg?v=1550872135,,,,,,
Whimsical Tree,,200,Coro,10,,,,46,,,Trees,Magical,,,,,,https://gilbertengineeringusa.com/,,https://cdn.shopify.com/s/files/1/0165/4439/9424/products/received-153433779440607.png?v=1580757765,,,,,,
Widowmaker 300,,300,Coro,10,,,,47,,,Misc,Halloween,,,,,,https://gilbertengineeringusa.com/,WidowMaker 300.xmodel,https://cdn.shopify.com/s/files/1/0165/4439/9424/products/Widowmaker_300_400x.jpg?v=1569176755,https://cdn.shopify.com/s/files/1/0165/4439/9424/products/20190913-222027_800x.jpg?v=1569176974,,,,,
Wreath 32,,192,Coro,10,32,,,32,,,Wreaths,,,,Circle,"Layer Sizes = 64,64,64",,https://gilbertengineeringusa.com/,,https://cdn.shopify.com/s/files/1/0165/4439/9424/products/20200417_150017_800x.jpg?v=1587161101,,,,,,
XKF330 Snowflake,,330,Coro,10,45,,,45,,,Flakes,,,,,,,https://gilbertengineeringusa.com/,XKF 330.xmodel,https://cdn.shopify.com/s/files/1/0165/4439/9424/products/received-2523213834558004.jpg?v=1579548164,,,,,,
Xmas Tree 53,,100,Coro,10,24,,,53,,,Trees,,,,,,,https://gilbertengineeringusa.com/,Xmas Tree 53.xmodel,https://cdn.shopify.com/s/files/1/0165/4439/9424/products/20181204_211206-1-e1543984507327_169caa46-de4c-4101-a04c-c80760315cf7_800x.jpg?v=1569145640,,,,,,
XMF300 Modular Snowflake,,300,Coro,10,47,,,47,,,Flakes,,,,,,,https://gilbertengineeringusa.com/,,https://cdn.shopify.com/s/files/1/0165/4439/9424/products/20190912-212954.jpg?v=1579548164,,,,,,
Zombie Flake A,,147,Coro,10,24,,,24,,,Flakes,Halloween,,,,,,https://gilbertengineeringusa.com/,Zombie Flake - A.xmodel,https://cdn.shopify.com/s/files/1/0165/4439/9424/products/Zombie_Flake_A_2_800x.JPG?v=1569148704,https://cdn.shopify.com/s/files/1/0165/4439/9424/products/20190218-221305_800x.jpg?v=1569148921,,,,,
Zombie Flake B,,123,Coro,10,24,,,24,,,Flakes,Halloween,,,,,,https://gilbertengineeringusa.com/,Zombie Flake - B.xmodel,https://cdn.shopify.com/s/files/1/0165/4439/9424/products/Zombie_Flake_B_123_800x.JPG?v=1569148708,https://cdn.shopify.com/s/files/1/0165/4439/9424/products/20190218-221318_800x.jpg?v=1569148921,,,,,
Zombie Flake C,,130,Coro,10,24,,,24,,,Flakes,Halloween,,,,,,https://gilbertengineeringusa.com/,Zombie Flake - C.xmodel,https://cdn.shopify.com/s/files/1/0165/4439/9424/products/20190223_104208_800x.jpg?v=1569149169,,,,,,
